sample,x,y,z
0,0.12414966,-0.058122744,0.948170732
1,0.12414966,-0.058122744,0.948170732
2,0.12414966,-0.058122744,0.948170732
3,0.12414966,-0.058122744,0.948170732
4,0.12414966,-0.058122744,0.948170732
5,0.12414966,-0.058122744,0.948170732
6,0.12414966,-0.058122744,0.948170732
7,0.12414966,-0.058122744,0.948170732
8,0.287698413,-0.16534296,0.865514905
9,0.287698413,-0.16534296,0.865514905
10,0.287698413,-0.16534296,0.865514905
11,0.287698413,-0.16534296,0.865514905
12,0.287698413,-0.16534296,0.865514905
13,0.287698413,-0.16534296,0.865514905
14,0.287698413,-0.16534296,0.865514905
15,0.287698413,-0.16534296,0.865514905
16,0.287698413,-0.16534296,0.865514905
17,0.629251701,-0.529241877,0.303861789
18,0.629251701,-0.529241877,0.303861789
19,0.629251701,-0.529241877,0.303861789
20,0.629251701,-0.529241877,0.303861789
21,0.629251701,-0.529241877,0.303861789
22,0.629251701,-0.529241877,0.303861789
23,0.629251701,-0.529241877,0.303861789
24,0.629251701,-0.529241877,0.303861789
25,0.629251701,-0.529241877,0.303861789
26,0.412414966,-0.719133574,-0.055555556
27,0.412414966,-0.719133574,-0.055555556
28,0.412414966,-0.719133574,-0.055555556
29,0.412414966,-0.719133574,-0.055555556
30,0.412414966,-0.719133574,-0.055555556
31,0.412414966,-0.719133574,-0.055555556
32,0.412414966,-0.719133574,-0.055555556
33,0.412414966,-0.719133574,-0.055555556
34,0.052154195,-0.559927798,-0.741869919
35,0.052154195,-0.559927798,-0.741869919
36,0.052154195,-0.559927798,-0.741869919
37,0.052154195,-0.559927798,-0.741869919
38,0.052154195,-0.559927798,-0.741869919
39,0.052154195,-0.559927798,-0.741869919
40,0.052154195,-0.559927798,-0.741869919
41,0.052154195,-0.559927798,-0.741869919
42,0.052154195,-0.559927798,-0.741869919
43,-0.725907029,-0.102166065,-0.719850949
44,-0.725907029,-0.102166065,-0.719850949
45,-0.725907029,-0.102166065,-0.719850949
46,-0.725907029,-0.102166065,-0.719850949
47,-0.725907029,-0.102166065,-0.719850949
48,-0.725907029,-0.102166065,-0.719850949
49,-0.725907029,-0.102166065,-0.719850949
50,-0.725907029,-0.102166065,-0.719850949
51,-0.725907029,-0.102166065,-0.719850949
52,-0.70861678,0.690613718,0.04200542
53,-0.70861678,0.690613718,0.04200542
54,-0.70861678,0.690613718,0.04200542
55,-0.70861678,0.690613718,0.04200542
56,-0.70861678,0.690613718,0.04200542
57,-0.70861678,0.690613718,0.04200542
58,-0.70861678,0.690613718,0.04200542
59,-0.70861678,0.690613718,0.04200542
60,0.007369615,0.370758123,0.917682927
61,0.007369615,0.370758123,0.917682927
62,0.007369615,0.370758123,0.917682927
63,0.007369615,0.370758123,0.917682927
64,0.007369615,0.370758123,0.917682927
65,0.007369615,0.370758123,0.917682927
66,0.007369615,0.370758123,0.917682927
67,0.007369615,0.370758123,0.917682927
68,0.007369615,0.370758123,0.917682927
69,0.060090703,-0.529963899,0.70901084
70,0.060090703,-0.529963899,0.70901084
71,0.060090703,-0.529963899,0.70901084
72,0.060090703,-0.529963899,0.70901084
73,0.060090703,-0.529963899,0.70901084
74,0.060090703,-0.529963899,0.70901084
75,0.060090703,-0.529963899,0.70901084
76,0.060090703,-0.529963899,0.70901084
77,0.060090703,-0.529963899,0.70901084
78,0.249716553,-0.471841155,0.690718157
79,0.249716553,-0.471841155,0.690718157
80,0.249716553,-0.471841155,0.690718157
81,0.249716553,-0.471841155,0.690718157
82,0.249716553,-0.471841155,0.690718157
83,0.249716553,-0.471841155,0.690718157
84,0.249716553,-0.471841155,0.690718157
85,0.249716553,-0.471841155,0.690718157
86,0.249716553,-0.471841155,0.690718157
87,0.608276644,0.154151625,0.673780488
88,0.608276644,0.154151625,0.673780488
89,0.608276644,0.154151625,0.673780488
90,0.608276644,0.154151625,0.673780488
91,0.608276644,0.154151625,0.673780488
92,0.608276644,0.154151625,0.673780488
93,0.608276644,0.154151625,0.673780488
94,0.608276644,0.154151625,0.673780488
95,0.608276644,0.77400722,0.189701897
96,0.505668934,0.77400722,0.189701897
97,0.505668934,0.77400722,0.189701897
98,0.505668934,0.77400722,0.189701897
99,0.505668934,0.77400722,0.189701897
100,0.505668934,0.77400722,0.189701897
101,0.505668934,0.77400722,0.189701897
102,0.505668934,0.77400722,0.189701897
103,0.505668934,0.77400722,0.189701897
104,0.517857143,0.576534296,-0.35399729
105,0.517857143,0.576534296,-0.35399729
106,0.517857143,0.576534296,-0.35399729
107,0.517857143,0.576534296,-0.35399729
108,0.517857143,0.576534296,-0.35399729
109,0.517857143,0.576534296,-0.35399729
110,0.517857143,0.576534296,-0.35399729
111,0.517857143,0.576534296,-0.35399729
112,0.517857143,0.576534296,-0.35399729
113,0.725056689,0.10866426,-0.210704607
114,0.725056689,0.10866426,-0.210704607
115,0.725056689,0.10866426,-0.210704607
116,0.725056689,0.10866426,-0.210704607
117,0.725056689,0.10866426,-0.210704607
118,0.725056689,0.10866426,-0.210704607
119,0.725056689,0.10866426,-0.210704607
120,0.725056689,0.10866426,-0.210704607
121,0.725056689,0.10866426,-0.210704607
122,0.807823129,-0.171480144,0.286585366
123,0.807823129,-0.171480144,0.286585366
124,0.807823129,-0.171480144,0.286585366
125,0.807823129,-0.171480144,0.286585366
126,0.807823129,-0.171480144,0.286585366
127,0.807823129,-0.171480144,0.286585366
128,0.807823129,-0.171480144,0.286585366
129,0.807823129,-0.171480144,0.286585366
130,0.481575964,0.113718412,0.893292683
131,0.481575964,0.113718412,0.893292683
132,0.481575964,0.113718412,0.893292683
133,0.481575964,0.113718412,0.893292683
134,0.481575964,0.113718412,0.893292683
135,0.481575964,0.113718412,0.893292683
136,0.481575964,0.113718412,0.893292683
137,0.481575964,0.113718412,0.893292683
138,0.481575964,0.113718412,0.893292683
139,0.109410431,0.068953069,0.973915989
140,0.109410431,0.068953069,0.973915989
141,0.109410431,0.068953069,0.973915989
142,0.109410431,0.068953069,0.973915989
143,0.109410431,0.068953069,0.973915989
144,0.109410431,0.068953069,0.973915989
145,0.109410431,0.068953069,0.973915989
146,0.109410431,0.068953069,0.973915989
147,0.109410431,0.068953069,0.973915989
148,0.091836735,0.050541516,1
149,0.091836735,0.050541516,1
150,0.091836735,0.050541516,1
151,0.091836735,0.050541516,1
152,0.091836735,0.050541516,1
153,0.091836735,0.050541516,1
154,0.091836735,0.050541516,1
155,0.091836735,0.050541516,1
156,0.091836735,0.050541516,1
157,0.259920635,0.746209386,0.698848238
158,0.259920635,0.746209386,0.698848238
159,0.259920635,0.746209386,0.698848238
160,0.259920635,0.746209386,0.698848238
161,0.259920635,0.746209386,0.698848238
162,0.259920635,0.746209386,0.698848238
163,0.259920635,0.746209386,0.698848238
164,0.259920635,0.746209386,0.698848238
165,-0.56377551,0.718050542,0.134146341
166,-0.56377551,0.718050542,0.134146341
167,-0.56377551,0.718050542,0.134146341
168,-0.56377551,0.718050542,0.134146341
169,-0.56377551,0.718050542,0.134146341
170,-0.56377551,0.718050542,0.134146341
171,-0.56377551,0.718050542,0.134146341
172,-0.56377551,0.718050542,0.134146341
173,-0.56377551,0.718050542,0.134146341
174,-0.967687075,-0.24801444,-0.217818428
175,-0.967687075,-0.24801444,-0.217818428
176,-0.967687075,-0.24801444,-0.217818428
177,-0.967687075,-0.24801444,-0.217818428
178,-0.967687075,-0.24801444,-0.217818428
179,-0.967687075,-0.24801444,-0.217818428
180,-0.967687075,-0.24801444,-0.217818428
181,-0.967687075,-0.24801444,-0.217818428
182,-0.967687075,-0.24801444,-0.217818428
183,-0.760770975,-0.774368231,-0.14498645
184,-0.760770975,-0.774368231,-0.14498645
185,-0.760770975,-0.774368231,-0.14498645
186,-0.760770975,-0.774368231,-0.14498645
187,-0.760770975,-0.774368231,-0.14498645
188,-0.760770975,-0.774368231,-0.14498645
189,-0.760770975,-0.774368231,-0.14498645
190,-0.760770975,-0.774368231,-0.14498645
191,-0.182539683,-0.989530686,0.077913279
192,-0.182539683,-0.989530686,0.077913279
193,-0.182539683,-0.989530686,0.077913279
194,-0.182539683,-0.989530686,0.077913279
195,-0.182539683,-0.989530686,0.077913279
196,-0.182539683,-0.989530686,0.077913279
197,-0.182539683,-0.989530686,0.077913279
198,-0.182539683,-0.989530686,0.077913279
199,-0.182539683,-0.989530686,0.077913279
200,0.346938776,-0.792779783,0.441056911
201,0.346938776,-0.792779783,0.441056911
202,0.346938776,-0.792779783,0.441056911
203,0.346938776,-0.792779783,0.441056911
204,0.346938776,-0.792779783,0.441056911
205,0.346938776,-0.792779783,0.441056911
206,0.346938776,-0.792779783,0.441056911
207,0.346938776,-0.792779783,0.441056911
208,0.346938776,-0.792779783,0.441056911
209,0.627267574,-0.239711191,0.677168022
210,0.627267574,-0.239711191,0.677168022
211,0.627267574,-0.239711191,0.677168022
212,0.627267574,-0.239711191,0.677168022
213,0.627267574,-0.239711191,0.677168022
214,0.627267574,-0.239711191,0.677168022
215,0.627267574,-0.239711191,0.677168022
216,0.627267574,-0.239711191,0.677168022
217,0.627267574,-0.239711191,0.677168022
218,0.581632653,0.233212996,0.802845528
219,0.581632653,0.233212996,0.802845528
220,0.581632653,0.233212996,0.802845528
221,0.581632653,0.233212996,0.802845528
222,0.581632653,0.233212996,0.802845528
223,0.581632653,0.233212996,0.802845528
224,0.581632653,0.233212996,0.802845528
225,0.581632653,0.233212996,0.802845528
226,0.41638322,0.550541516,0.78895664
227,0.41638322,0.550541516,0.78895664
228,0.41638322,0.550541516,0.78895664
229,0.41638322,0.550541516,0.78895664
230,0.41638322,0.550541516,0.78895664
231,0.41638322,0.550541516,0.78895664
232,0.41638322,0.550541516,0.78895664
233,0.41638322,0.550541516,0.78895664
234,0.41638322,0.550541516,0.78895664
235,0.334183673,0.61732852,0.76897019
236,0.334183673,0.61732852,0.76897019
237,0.334183673,0.61732852,0.76897019
238,0.334183673,0.61732852,0.76897019
239,0.334183673,0.61732852,0.76897019
240,0.334183673,0.61732852,0.76897019
241,0.334183673,0.61732852,0.76897019
242,0.334183673,0.61732852,0.76897019
243,0.334183673,0.61732852,0.76897019
244,0.420351474,0.846209386,0.301490515
245,0.420351474,0.846209386,0.301490515
246,0.420351474,0.846209386,0.301490515
247,0.420351474,0.846209386,0.301490515
248,0.420351474,0.846209386,0.301490515
249,0.420351474,0.846209386,0.301490515
250,0.420351474,0.846209386,0.301490515
251,0.420351474,0.846209386,0.301490515
252,0.035714286,0.773646209,-0.506436314
253,0.035714286,0.773646209,-0.506436314
254,0.035714286,0.773646209,-0.506436314
255,0.035714286,0.773646209,-0.506436314
256,0.035714286,0.773646209,-0.506436314
257,0.035714286,0.773646209,-0.506436314
258,0.035714286,0.773646209,-0.506436314
259,0.035714286,0.773646209,-0.506436314
260,0.035714286,0.773646209,-0.506436314
261,-0.466553288,-0.01732852,-0.83401084
262,-0.466553288,-0.01732852,-0.83401084
263,-0.466553288,-0.01732852,-0.83401084
264,-0.466553288,-0.01732852,-0.83401084
265,-0.466553288,-0.01732852,-0.83401084
266,-0.466553288,-0.01732852,-0.83401084
267,-0.466553288,-0.01732852,-0.83401084
268,-0.466553288,-0.01732852,-0.83401084
269,-0.466553288,-0.01732852,-0.83401084
270,-0.218537415,-0.510830325,-0.826558266
271,-0.218537415,-0.510830325,-0.826558266
272,-0.218537415,-0.510830325,-0.826558266
273,-0.218537415,-0.510830325,-0.826558266
274,-0.218537415,-0.510830325,-0.826558266
275,-0.218537415,-0.510830325,-0.826558266
276,-0.218537415,-0.510830325,-0.826558266
277,-0.218537415,-0.510830325,-0.826558266
278,0.184240363,-0.508303249,-0.716802168
279,0.184240363,-0.508303249,-0.716802168
280,0.184240363,-0.508303249,-0.716802168
281,0.184240363,-0.508303249,-0.716802168
282,0.184240363,-0.508303249,-0.716802168
283,0.184240363,-0.508303249,-0.716802168
284,0.184240363,-0.508303249,-0.716802168
285,0.184240363,-0.508303249,-0.716802168
286,0.184240363,-0.508303249,-0.716802168
287,0.227040816,0.196028881,-0.827913279
288,0.227040816,0.196028881,-0.827913279
289,0.227040816,0.196028881,-0.827913279
290,0.227040816,0.196028881,-0.827913279
291,0.227040816,0.196028881,-0.827913279
292,0.227040816,0.196028881,-0.827913279
293,0.227040816,0.196028881,-0.827913279
294,0.227040816,0.196028881,-0.827913279
295,0.227040816,0.196028881,-0.827913279
296,0.241780045,0.866787004,-0.263550136
297,0.241780045,0.866787004,-0.263550136
298,0.241780045,0.866787004,-0.263550136
299,0.241780045,0.866787004,-0.263550136
300,0.241780045,0.866787004,-0.263550136
301,0.241780045,0.866787004,-0.263550136
302,0.241780045,0.866787004,-0.263550136
303,0.241780045,0.866787004,-0.263550136
304,0.241780045,0.866787004,-0.263550136
305,0.487811791,0.761732852,0.454607046
306,0.487811791,0.761732852,0.454607046
307,0.487811791,0.761732852,0.454607046
308,0.487811791,0.761732852,0.454607046
309,0.487811791,0.761732852,0.454607046
310,0.487811791,0.761732852,0.454607046
311,0.487811791,0.761732852,0.454607046
312,0.487811791,0.761732852,0.454607046
313,0.752267574,0.047292419,0.426490515
314,0.752267574,0.047292419,0.426490515
315,0.752267574,0.047292419,0.426490515
316,0.752267574,0.047292419,0.426490515
317,0.752267574,0.047292419,0.426490515
318,0.752267574,0.047292419,0.426490515
319,0.752267574,0.047292419,0.426490515
320,0.752267574,0.047292419,0.426490515
321,0.752267574,0.047292419,0.426490515
322,0.676870748,-0.394945848,0.127710027
323,0.676870748,-0.394945848,0.127710027
324,0.676870748,-0.394945848,0.127710027
325,0.676870748,-0.394945848,0.127710027
326,0.676870748,-0.394945848,0.127710027
327,0.676870748,-0.394945848,0.127710027
328,0.676870748,-0.394945848,0.127710027
329,0.676870748,-0.394945848,0.127710027
330,0.676870748,-0.394945848,0.127710027
331,0.68877551,-0.310469314,0.289634146
332,0.68877551,-0.310469314,0.289634146
333,0.68877551,-0.310469314,0.289634146
334,0.68877551,-0.310469314,0.289634146
335,0.68877551,-0.310469314,0.289634146
336,0.68877551,-0.310469314,0.289634146
337,0.68877551,-0.310469314,0.289634146
338,0.68877551,-0.310469314,0.289634146
339,0.639455782,0.323465704,0.612466125
340,0.639455782,0.323465704,0.612466125
341,0.639455782,0.323465704,0.612466125
342,0.639455782,0.323465704,0.612466125
343,0.639455782,0.323465704,0.612466125
344,0.639455782,0.323465704,0.612466125
345,0.639455782,0.323465704,0.612466125
346,0.639455782,0.323465704,0.612466125
347,0.639455782,0.323465704,0.612466125
348,-0.022675737,1,-0.097560976
349,-0.022675737,1,-0.097560976
350,-0.022675737,1,-0.097560976
351,-0.022675737,1,-0.097560976
352,-0.022675737,1,-0.097560976
353,-0.022675737,1,-0.097560976
354,-0.022675737,1,-0.097560976
355,-0.022675737,1,-0.097560976
356,-0.022675737,1,-0.097560976
357,-0.161564626,0.272563177,-0.874661247
358,-0.161564626,0.272563177,-0.874661247
359,-0.161564626,0.272563177,-0.874661247
360,-0.161564626,0.272563177,-0.874661247
361,-0.161564626,0.272563177,-0.874661247
362,-0.161564626,0.272563177,-0.874661247
363,-0.161564626,0.272563177,-0.874661247
364,-0.161564626,0.272563177,-0.874661247
365,-0.161564626,0.272563177,-0.874661247
366,0.003401361,-0.201083032,-0.912940379
367,0.003401361,-0.201083032,-0.912940379
368,0.003401361,-0.201083032,-0.912940379
369,0.003401361,-0.201083032,-0.912940379
370,0.003401361,-0.201083032,-0.912940379
371,0.003401361,-0.201083032,-0.912940379
372,0.003401361,-0.201083032,-0.912940379
373,0.003401361,-0.201083032,-0.912940379
374,0.188492063,-0.563537906,-0.64803523
375,0.188492063,-0.563537906,-0.64803523
376,0.188492063,-0.563537906,-0.64803523
377,0.188492063,-0.563537906,-0.64803523
378,0.188492063,-0.563537906,-0.64803523
379,0.188492063,-0.563537906,-0.64803523
380,0.188492063,-0.563537906,-0.64803523
381,0.188492063,-0.563537906,-0.64803523
382,0.188492063,-0.563537906,-0.64803523
383,0.341553288,-0.605776173,-0.416666667
384,0.341553288,-0.605776173,-0.416666667
385,0.341553288,-0.605776173,-0.416666667
386,0.341553288,-0.605776173,-0.416666667
387,0.341553288,-0.605776173,-0.416666667
388,0.341553288,-0.605776173,-0.416666667
389,0.341553288,-0.605776173,-0.416666667
390,0.341553288,-0.605776173,-0.416666667
391,0.341553288,-0.605776173,-0.416666667
392,0.423469388,-0.586642599,-0.327574526
393,0.423469388,-0.586642599,-0.327574526
394,0.423469388,-0.586642599,-0.327574526
395,0.423469388,-0.586642599,-0.327574526
396,0.423469388,-0.586642599,-0.327574526
397,0.423469388,-0.586642599,-0.327574526
398,0.423469388,-0.586642599,-0.327574526
399,0.423469388,-0.586642599,-0.327574526
400,0.488662132,-0.520938628,-0.357384824
401,0.488662132,-0.520938628,-0.357384824
402,0.488662132,-0.520938628,-0.357384824
403,0.488662132,-0.520938628,-0.357384824
404,0.488662132,-0.520938628,-0.357384824
405,0.488662132,-0.520938628,-0.357384824
406,0.488662132,-0.520938628,-0.357384824
407,0.488662132,-0.520938628,-0.357384824
408,0.488662132,-0.520938628,-0.357384824
409,0.576814059,-0.450541516,-0.395325203
410,0.576814059,-0.450541516,-0.395325203
411,0.576814059,-0.450541516,-0.395325203
412,0.576814059,-0.450541516,-0.395325203
413,0.576814059,-0.450541516,-0.395325203
414,0.576814059,-0.450541516,-0.395325203
415,0.576814059,-0.450541516,-0.395325203
416,0.576814059,-0.450541516,-0.395325203
417,0.576814059,-0.450541516,-0.395325203
418,0.755102041,-0.272924188,-0.206639566
419,0.755102041,-0.272924188,-0.206639566
420,0.755102041,-0.272924188,-0.206639566
421,0.755102041,-0.272924188,-0.206639566
422,0.755102041,-0.272924188,-0.206639566
423,0.755102041,-0.272924188,-0.206639566
424,0.755102041,-0.272924188,-0.206639566
425,0.755102041,-0.272924188,-0.206639566
426,0.755102041,-0.006137184,0.30995935
427,0.922619048,-0.006137184,0.30995935
428,0.922619048,-0.006137184,0.30995935
429,0.922619048,-0.006137184,0.30995935
430,0.922619048,-0.006137184,0.30995935
431,0.922619048,-0.006137184,0.30995935
432,0.922619048,-0.006137184,0.30995935
433,0.922619048,-0.006137184,0.30995935
434,0.922619048,-0.006137184,0.30995935
435,0.733843537,0.240794224,0.539295393
436,0.733843537,0.240794224,0.539295393
437,0.733843537,0.240794224,0.539295393
438,0.733843537,0.240794224,0.539295393
439,0.733843537,0.240794224,0.539295393
440,0.733843537,0.240794224,0.539295393
441,0.733843537,0.240794224,0.539295393
442,0.733843537,0.240794224,0.539295393
443,0.733843537,0.240794224,0.539295393
444,0.542517007,0.44801444,0.698509485
445,0.542517007,0.44801444,0.698509485
446,0.542517007,0.44801444,0.698509485
447,0.542517007,0.44801444,0.698509485
448,0.542517007,0.44801444,0.698509485
449,0.542517007,0.44801444,0.698509485
450,0.542517007,0.44801444,0.698509485
451,0.542517007,0.44801444,0.698509485
452,0.542517007,0.44801444,0.698509485
453,0.378684807,0.272563177,0.733739837
454,0.378684807,0.272563177,0.733739837
455,0.378684807,0.272563177,0.733739837
456,0.378684807,0.272563177,0.733739837
457,0.378684807,0.272563177,0.733739837
458,0.378684807,0.272563177,0.733739837
459,0.378684807,0.272563177,0.733739837
460,0.378684807,0.272563177,0.733739837
461,0.547335601,0.170036101,0.802845528
462,0.547335601,0.170036101,0.802845528
463,0.547335601,0.170036101,0.802845528
464,0.547335601,0.170036101,0.802845528
465,0.547335601,0.170036101,0.802845528
466,0.547335601,0.170036101,0.802845528
467,0.547335601,0.170036101,0.802845528
468,0.547335601,0.170036101,0.802845528
469,0.547335601,0.170036101,0.802845528
470,0.660997732,0.245126354,0.681910569
471,0.660997732,0.245126354,0.681910569
472,0.660997732,0.245126354,0.681910569
473,0.660997732,0.245126354,0.681910569
474,0.660997732,0.245126354,0.681910569
475,0.660997732,0.245126354,0.681910569
476,0.660997732,0.245126354,0.681910569
477,0.660997732,0.245126354,0.681910569
478,0.660997732,0.245126354,0.681910569
479,0.60430839,0.607220217,0.442073171
480,0.60430839,0.607220217,0.442073171
481,0.60430839,0.607220217,0.442073171
482,0.60430839,0.607220217,0.442073171
483,0.60430839,0.607220217,0.442073171
484,0.60430839,0.607220217,0.442073171
485,0.60430839,0.607220217,0.442073171
486,0.60430839,0.607220217,0.442073171
487,0.60430839,0.607220217,0.442073171
488,0.165816327,0.9433213,0.114837398
489,0.165816327,0.9433213,0.114837398
490,0.165816327,0.9433213,0.114837398
491,0.165816327,0.9433213,0.114837398
492,0.165816327,0.9433213,0.114837398
493,0.165816327,0.9433213,0.114837398
494,0.165816327,0.9433213,0.114837398
495,0.165816327,0.9433213,0.114837398
496,-0.50170068,0.501805054,-0.596205962
497,-0.50170068,0.501805054,-0.596205962
498,-0.50170068,0.501805054,-0.596205962
499,-0.50170068,0.501805054,-0.596205962
500,-0.50170068,0.501805054,-0.596205962
501,-0.50170068,0.501805054,-0.596205962
502,-0.50170068,0.501805054,-0.596205962
503,-0.50170068,0.501805054,-0.596205962
504,-0.50170068,0.501805054,-0.596205962
505,-0.196145125,-0.384837545,-0.865853659
506,-0.196145125,-0.384837545,-0.865853659
507,-0.196145125,-0.384837545,-0.865853659
508,-0.196145125,-0.384837545,-0.865853659
509,-0.196145125,-0.384837545,-0.865853659
510,-0.196145125,-0.384837545,-0.865853659
511,-0.196145125,-0.384837545,-0.865853659
512,-0.196145125,-0.384837545,-0.865853659
513,-0.196145125,-0.384837545,-0.865853659
514,0.298752834,-0.742599278,-0.425474255
515,0.298752834,-0.742599278,-0.425474255
516,0.298752834,-0.742599278,-0.425474255
517,0.298752834,-0.742599278,-0.425474255
518,0.298752834,-0.742599278,-0.425474255
519,0.298752834,-0.742599278,-0.425474255
520,0.298752834,-0.742599278,-0.425474255
521,0.298752834,-0.742599278,-0.425474255
522,0.68707483,-0.536462094,-0.046409214
523,0.68707483,-0.536462094,-0.046409214
524,0.68707483,-0.536462094,-0.046409214
525,0.68707483,-0.536462094,-0.046409214
526,0.68707483,-0.536462094,-0.046409214
527,0.68707483,-0.536462094,-0.046409214
528,0.68707483,-0.536462094,-0.046409214
529,0.68707483,-0.536462094,-0.046409214
530,0.68707483,-0.536462094,-0.046409214
531,1,0.136101083,0.641598916
532,1,0.136101083,0.641598916
533,1,0.136101083,0.641598916
534,1,0.136101083,0.641598916
535,1,0.136101083,0.641598916
536,1,0.136101083,0.641598916
537,1,0.136101083,0.641598916
538,1,0.136101083,0.641598916
539,1,0.136101083,0.641598916
540,0.406179138,0.198194946,0.649051491
541,0.406179138,0.198194946,0.649051491
542,0.406179138,0.198194946,0.649051491
543,0.406179138,0.198194946,0.649051491
544,0.406179138,0.198194946,0.649051491
545,0.406179138,0.198194946,0.649051491
546,0.406179138,0.198194946,0.649051491
547,0.406179138,0.198194946,0.649051491
548,0.18452381,0.657400722,0.747628726
549,0.18452381,0.657400722,0.747628726
550,0.18452381,0.657400722,0.747628726
551,0.18452381,0.657400722,0.747628726
552,0.18452381,0.657400722,0.747628726
553,0.18452381,0.657400722,0.747628726
554,0.18452381,0.657400722,0.747628726
555,0.18452381,0.657400722,0.747628726
556,0.18452381,0.657400722,0.747628726
557,0.056405896,0.665703971,0.737804878
558,0.056405896,0.665703971,0.737804878
559,0.056405896,0.665703971,0.737804878
560,0.056405896,0.665703971,0.737804878
561,0.056405896,0.665703971,0.737804878
562,0.056405896,0.665703971,0.737804878
563,0.056405896,0.665703971,0.737804878
564,0.056405896,0.665703971,0.737804878
565,0.056405896,0.665703971,0.737804878
566,0.077947846,0.664259928,0.760501355
567,0.077947846,0.664259928,0.760501355
568,0.077947846,0.664259928,0.760501355
569,0.077947846,0.664259928,0.760501355
570,0.077947846,0.664259928,0.760501355
571,0.077947846,0.664259928,0.760501355
572,0.077947846,0.664259928,0.760501355
573,0.077947846,0.664259928,0.760501355
574,0.077947846,0.664259928,0.760501355
575,0.115646259,0.624548736,0.760501355
576,0.115646259,0.624548736,0.760501355
577,0.115646259,0.624548736,0.760501355
578,0.115646259,0.624548736,0.760501355
579,0.115646259,0.624548736,0.760501355
580,0.115646259,0.624548736,0.760501355
581,0.115646259,0.624548736,0.760501355
582,0.115646259,0.624548736,0.760501355
583,0.382653061,0.596389892,0.641937669
584,0.382653061,0.596389892,0.641937669
585,0.382653061,0.596389892,0.641937669
586,0.382653061,0.596389892,0.641937669
587,0.382653061,0.596389892,0.641937669
588,0.382653061,0.596389892,0.641937669
589,0.382653061,0.596389892,0.641937669
590,0.382653061,0.596389892,0.641937669
591,0.382653061,0.596389892,0.641937669
592,0.551587302,0.726714801,0.300813008
593,0.551587302,0.726714801,0.300813008
594,0.551587302,0.726714801,0.300813008
595,0.551587302,0.726714801,0.300813008
596,0.551587302,0.726714801,0.300813008
597,0.551587302,0.726714801,0.300813008
598,0.551587302,0.726714801,0.300813008
599,0.551587302,0.726714801,0.300813008
600,0.551587302,0.726714801,0.300813008
601,-0.043650794,0.975090253,-0.100948509
602,-0.043650794,0.975090253,-0.100948509
603,-0.043650794,0.975090253,-0.100948509
604,-0.043650794,0.975090253,-0.100948509
605,-0.043650794,0.975090253,-0.100948509
606,-0.043650794,0.975090253,-0.100948509
607,-0.043650794,0.975090253,-0.100948509
608,-0.043650794,0.975090253,-0.100948509
609,-0.680272109,0.358122744,-0.54302168
610,-0.680272109,0.358122744,-0.54302168
611,-0.680272109,0.358122744,-0.54302168
612,-0.680272109,0.358122744,-0.54302168
613,-0.680272109,0.358122744,-0.54302168
614,-0.680272109,0.358122744,-0.54302168
615,-0.680272109,0.358122744,-0.54302168
616,-0.680272109,0.358122744,-0.54302168
617,-0.680272109,0.358122744,-0.54302168
618,-0.89314059,-0.371480144,-0.591124661
619,-0.89314059,-0.371480144,-0.591124661
620,-0.89314059,-0.371480144,-0.591124661
621,-0.89314059,-0.371480144,-0.591124661
622,-0.89314059,-0.371480144,-0.591124661
623,-0.89314059,-0.371480144,-0.591124661
624,-0.89314059,-0.371480144,-0.591124661
625,-0.89314059,-0.371480144,-0.591124661
626,-0.89314059,-0.371480144,-0.591124661
627,-0.507936508,-0.835740072,-0.35196477
628,-0.507936508,-0.835740072,-0.35196477
629,-0.507936508,-0.835740072,-0.35196477
630,-0.507936508,-0.835740072,-0.35196477
631,-0.507936508,-0.835740072,-0.35196477
632,-0.507936508,-0.835740072,-0.35196477
633,-0.507936508,-0.835740072,-0.35196477
634,-0.507936508,-0.835740072,-0.35196477
635,-0.134920635,-0.974368231,0.00304878
636,-0.134920635,-0.974368231,0.00304878
637,-0.134920635,-0.974368231,0.00304878
638,-0.134920635,-0.974368231,0.00304878
639,-0.134920635,-0.974368231,0.00304878
640,-0.134920635,-0.974368231,0.00304878
641,-0.134920635,-0.974368231,0.00304878
642,-0.134920635,-0.974368231,0.00304878
643,-0.134920635,-0.974368231,0.00304878
644,0.350623583,-0.825270758,0.271341463
645,0.350623583,-0.825270758,0.271341463
646,0.350623583,-0.825270758,0.271341463
647,0.350623583,-0.825270758,0.271341463
648,0.350623583,-0.825270758,0.271341463
649,0.350623583,-0.825270758,0.271341463
650,0.350623583,-0.825270758,0.271341463
651,0.350623583,-0.825270758,0.271341463
652,0.350623583,-0.825270758,0.271341463
653,0.703231293,-0.516967509,0.033536585
654,0.703231293,-0.516967509,0.033536585
655,0.703231293,-0.516967509,0.033536585
656,0.703231293,-0.516967509,0.033536585
657,0.703231293,-0.516967509,0.033536585
658,0.703231293,-0.516967509,0.033536585
659,0.703231293,-0.516967509,0.033536585
660,0.703231293,-0.516967509,0.033536585
661,0.703231293,-0.516967509,0.033536585
662,0.81462585,-0.170758123,-0.025406504
663,0.81462585,-0.170758123,-0.025406504
664,0.81462585,-0.170758123,-0.025406504
665,0.81462585,-0.170758123,-0.025406504
666,0.81462585,-0.170758123,-0.025406504
667,0.81462585,-0.170758123,-0.025406504
668,0.81462585,-0.170758123,-0.025406504
669,0.81462585,-0.170758123,-0.025406504
670,0.821428571,0.055595668,-0.028116531
671,0.821428571,0.055595668,-0.028116531
672,0.821428571,0.055595668,-0.028116531
673,0.821428571,0.055595668,-0.028116531
674,0.821428571,0.055595668,-0.028116531
675,0.821428571,0.055595668,-0.028116531
676,0.821428571,0.055595668,-0.028116531
677,0.821428571,0.055595668,-0.028116531
678,0.821428571,0.055595668,-0.028116531
679,0.829931973,0.081588448,0.12195122
680,0.829931973,0.081588448,0.12195122
681,0.829931973,0.081588448,0.12195122
682,0.829931973,0.081588448,0.12195122
683,0.829931973,0.081588448,0.12195122
684,0.829931973,0.081588448,0.12195122
685,0.829931973,0.081588448,0.12195122
686,0.829931973,0.081588448,0.12195122
687,0.829931973,0.081588448,0.12195122
688,0.828798186,-0.070036101,0.301490515
689,0.828798186,-0.070036101,0.301490515
690,0.828798186,-0.070036101,0.301490515
691,0.828798186,-0.070036101,0.301490515
692,0.828798186,-0.070036101,0.301490515
693,0.828798186,-0.070036101,0.301490515
694,0.828798186,-0.070036101,0.301490515
695,0.828798186,-0.070036101,0.301490515
696,0.808956916,-0.331768953,0.465447154
697,0.808956916,-0.331768953,0.465447154
698,0.808956916,-0.331768953,0.465447154
699,0.808956916,-0.331768953,0.465447154
700,0.808956916,-0.331768953,0.465447154
701,0.808956916,-0.331768953,0.465447154
702,0.808956916,-0.331768953,0.465447154
703,0.808956916,-0.331768953,0.465447154
704,0.808956916,-0.331768953,0.465447154
705,0.60600907,-0.466425993,0.502710027
706,0.60600907,-0.466425993,0.502710027
707,0.60600907,-0.466425993,0.502710027
708,0.60600907,-0.466425993,0.502710027
709,0.60600907,-0.466425993,0.502710027
710,0.60600907,-0.466425993,0.502710027
711,0.60600907,-0.466425993,0.502710027
712,0.60600907,-0.466425993,0.502710027
713,0.60600907,-0.466425993,0.502710027
714,0.457482993,-0.513718412,0.634823848
715,0.457482993,-0.513718412,0.634823848
716,0.457482993,-0.513718412,0.634823848
717,0.457482993,-0.513718412,0.634823848
718,0.457482993,-0.513718412,0.634823848
719,0.457482993,-0.513718412,0.634823848
720,0.457482993,-0.513718412,0.634823848
721,0.457482993,-0.513718412,0.634823848
722,0.58361678,-0.25631769,0.657520325
723,0.58361678,-0.25631769,0.657520325
724,0.58361678,-0.25631769,0.657520325
725,0.58361678,-0.25631769,0.657520325
726,0.58361678,-0.25631769,0.657520325
727,0.58361678,-0.25631769,0.657520325
728,0.58361678,-0.25631769,0.657520325
729,0.58361678,-0.25631769,0.657520325
730,0.58361678,-0.25631769,0.657520325
731,0.714285714,0.200722022,0.583672087
732,0.714285714,0.200722022,0.583672087
733,0.714285714,0.200722022,0.583672087
734,0.714285714,0.200722022,0.583672087
735,0.714285714,0.200722022,0.583672087
736,0.714285714,0.200722022,0.583672087
737,0.714285714,0.200722022,0.583672087
738,0.714285714,0.200722022,0.583672087
739,0.714285714,0.200722022,0.583672087
740,0.328514739,0.798916968,0.157181572
741,0.328514739,0.798916968,0.157181572
742,0.328514739,0.798916968,0.157181572
743,0.328514739,0.798916968,0.157181572
744,0.328514739,0.798916968,0.157181572
745,0.328514739,0.798916968,0.157181572
746,0.328514739,0.798916968,0.157181572
747,0.328514739,0.798916968,0.157181572
748,0.328514739,0.798916968,0.157181572
749,0.137755102,0.803249097,-0.321815718
750,0.137755102,0.803249097,-0.321815718
751,0.137755102,0.803249097,-0.321815718
752,0.137755102,0.803249097,-0.321815718
753,0.137755102,0.803249097,-0.321815718
754,0.137755102,0.803249097,-0.321815718
755,0.137755102,0.803249097,-0.321815718
756,0.137755102,0.803249097,-0.321815718
757,0.018424036,0.025631769,-0.971544715
758,0.018424036,0.025631769,-0.971544715
759,0.018424036,0.025631769,-0.971544715
760,0.018424036,0.025631769,-0.971544715
761,0.018424036,0.025631769,-0.971544715
762,0.018424036,0.025631769,-0.971544715
763,0.018424036,0.025631769,-0.971544715
764,0.018424036,0.025631769,-0.971544715
765,0.018424036,0.025631769,-0.971544715
766,0.314909297,-0.560649819,-0.646341463
767,0.314909297,-0.560649819,-0.646341463
768,0.314909297,-0.560649819,-0.646341463
769,0.314909297,-0.560649819,-0.646341463
770,0.314909297,-0.560649819,-0.646341463
771,0.314909297,-0.560649819,-0.646341463
772,0.314909297,-0.560649819,-0.646341463
773,0.314909297,-0.560649819,-0.646341463
774,0.314909297,-0.560649819,-0.646341463
775,0.459183673,-0.642599278,-0.31504065
776,0.459183673,-0.642599278,-0.31504065
777,0.459183673,-0.642599278,-0.31504065
778,0.459183673,-0.642599278,-0.31504065
779,0.459183673,-0.642599278,-0.31504065
780,0.459183673,-0.642599278,-0.31504065
781,0.459183673,-0.642599278,-0.31504065
782,0.459183673,-0.642599278,-0.31504065
783,0.630102041,-0.584476534,-0.035569106
784,0.630102041,-0.584476534,-0.035569106
785,0.630102041,-0.584476534,-0.035569106
786,0.630102041,-0.584476534,-0.035569106
787,0.630102041,-0.584476534,-0.035569106
788,0.630102041,-0.584476534,-0.035569106
789,0.630102041,-0.584476534,-0.035569106
790,0.630102041,-0.584476534,-0.035569106
791,0.630102041,-0.584476534,-0.035569106
792,0.469954649,-0.580144404,-0.260501355
793,0.469954649,-0.580144404,-0.260501355
794,0.469954649,-0.580144404,-0.260501355
795,0.469954649,-0.580144404,-0.260501355
796,0.469954649,-0.580144404,-0.260501355
797,0.469954649,-0.580144404,-0.260501355
798,0.469954649,-0.580144404,-0.260501355
799,0.469954649,-0.580144404,-0.260501355
800,0.469954649,-0.580144404,-0.260501355
801,0.275510204,-0.646570397,-0.497289973
802,0.275510204,-0.646570397,-0.497289973
803,0.275510204,-0.646570397,-0.497289973
804,0.275510204,-0.646570397,-0.497289973
805,0.275510204,-0.646570397,-0.497289973
806,0.275510204,-0.646570397,-0.497289973
807,0.275510204,-0.646570397,-0.497289973
808,0.275510204,-0.646570397,-0.497289973
809,0.275510204,-0.646570397,-0.497289973
810,-0.56037415,-0.563537906,-0.677845528
811,-0.56037415,-0.563537906,-0.677845528
812,-0.56037415,-0.563537906,-0.677845528
813,-0.56037415,-0.563537906,-0.677845528
814,-0.56037415,-0.563537906,-0.677845528
815,-0.56037415,-0.563537906,-0.677845528
816,-0.56037415,-0.563537906,-0.677845528
817,-0.56037415,-0.563537906,-0.677845528
818,-1,-0.059205776,-0.303861789
819,-1,-0.059205776,-0.303861789
820,-1,-0.059205776,-0.303861789
821,-1,-0.059205776,-0.303861789
822,-1,-0.059205776,-0.303861789
823,-1,-0.059205776,-0.303861789
824,-1,-0.059205776,-0.303861789
825,-1,-0.059205776,-0.303861789
826,-1,-0.059205776,-0.303861789
827,-0.462868481,0.664259928,0.537940379
828,-0.462868481,0.664259928,0.537940379
829,-0.462868481,0.664259928,0.537940379
830,-0.462868481,0.664259928,0.537940379
831,-0.462868481,0.664259928,0.537940379
832,-0.462868481,0.664259928,0.537940379
833,-0.462868481,0.664259928,0.537940379
834,-0.462868481,0.664259928,0.537940379
835,-0.462868481,0.664259928,0.537940379
836,0.433390023,0.020938628,0.721205962
837,0.433390023,0.020938628,0.721205962
838,0.433390023,0.020938628,0.721205962
839,0.433390023,0.020938628,0.721205962
840,0.433390023,0.020938628,0.721205962
841,0.433390023,0.020938628,0.721205962
842,0.433390023,0.020938628,0.721205962
843,0.433390023,0.020938628,0.721205962
844,0.587868481,-0.560288809,0.347899729
845,0.587868481,-0.560288809,0.347899729
846,0.587868481,-0.560288809,0.347899729
847,0.587868481,-0.560288809,0.347899729
848,0.587868481,-0.560288809,0.347899729
849,0.587868481,-0.560288809,0.347899729
850,0.587868481,-0.560288809,0.347899729
851,0.587868481,-0.560288809,0.347899729
852,0.587868481,-0.560288809,0.347899729
853,0.530045351,-0.689530686,0.162940379
854,0.530045351,-0.689530686,0.162940379
855,0.530045351,-0.689530686,0.162940379
856,0.530045351,-0.689530686,0.162940379
857,0.530045351,-0.689530686,0.162940379
858,0.530045351,-0.689530686,0.162940379
859,0.530045351,-0.689530686,0.162940379
860,0.530045351,-0.689530686,0.162940379
861,0.530045351,-0.689530686,0.162940379
862,0.46031746,-0.71299639,0.257791328
863,0.46031746,-0.71299639,0.257791328
864,0.46031746,-0.71299639,0.257791328
865,0.46031746,-0.71299639,0.257791328
866,0.46031746,-0.71299639,0.257791328
867,0.46031746,-0.71299639,0.257791328
868,0.46031746,-0.71299639,0.257791328
869,0.46031746,-0.71299639,0.257791328
870,0.583333333,-0.335018051,0.520325203
871,0.583333333,-0.335018051,0.520325203
872,0.583333333,-0.335018051,0.520325203
873,0.583333333,-0.335018051,0.520325203
874,0.583333333,-0.335018051,0.520325203
875,0.583333333,-0.335018051,0.520325203
876,0.583333333,-0.335018051,0.520325203
877,0.583333333,-0.335018051,0.520325203
878,0.583333333,-0.335018051,0.520325203
879,0.551587302,0.375812274,0.554539295
880,0.551587302,0.375812274,0.554539295
881,0.551587302,0.375812274,0.554539295
882,0.551587302,0.375812274,0.554539295
883,0.551587302,0.375812274,0.554539295
884,0.551587302,0.375812274,0.554539295
885,0.551587302,0.375812274,0.554539295
886,0.551587302,0.375812274,0.554539295
887,0.551587302,0.375812274,0.554539295
888,0.419217687,0.681949458,-0.162940379
889,0.419217687,0.681949458,-0.162940379
890,0.419217687,0.681949458,-0.162940379
891,0.419217687,0.681949458,-0.162940379
892,0.419217687,0.681949458,-0.162940379
893,0.419217687,0.681949458,-0.162940379
894,0.419217687,0.681949458,-0.162940379
895,0.419217687,0.681949458,-0.162940379
896,0.419217687,0.681949458,-0.162940379
897,0.432823129,0.321299639,-0.565379404
898,0.432823129,0.321299639,-0.565379404
899,0.432823129,0.321299639,-0.565379404
900,0.432823129,0.321299639,-0.565379404
901,0.432823129,0.321299639,-0.565379404
902,0.432823129,0.321299639,-0.565379404
903,0.432823129,0.321299639,-0.565379404
904,0.432823129,0.321299639,-0.565379404
905,0.359126984,0.352707581,-0.602303523
906,0.359126984,0.352707581,-0.602303523
907,0.359126984,0.352707581,-0.602303523
908,0.359126984,0.352707581,-0.602303523
909,0.359126984,0.352707581,-0.602303523
910,0.359126984,0.352707581,-0.602303523
911,0.359126984,0.352707581,-0.602303523
912,0.359126984,0.352707581,-0.602303523
913,0.359126984,0.352707581,-0.602303523
914,0.310090703,0.731046931,-0.219850949
915,0.310090703,0.731046931,-0.219850949
916,0.310090703,0.731046931,-0.219850949
917,0.310090703,0.731046931,-0.219850949
918,0.310090703,0.731046931,-0.219850949
919,0.310090703,0.731046931,-0.219850949
920,0.310090703,0.731046931,-0.219850949
921,0.310090703,0.731046931,-0.219850949
922,0.310090703,0.731046931,-0.219850949
923,-0.052437642,0.905776173,0.211382114
924,-0.052437642,0.905776173,0.211382114
925,-0.052437642,0.905776173,0.211382114
926,-0.052437642,0.905776173,0.211382114
927,-0.052437642,0.905776173,0.211382114
928,-0.052437642,0.905776173,0.211382114
929,-0.052437642,0.905776173,0.211382114
930,-0.052437642,0.905776173,0.211382114
931,-0.321712018,0.681949458,0.638888889
932,-0.321712018,0.681949458,0.638888889
933,-0.321712018,0.681949458,0.638888889
934,-0.321712018,0.681949458,0.638888889
935,-0.321712018,0.681949458,0.638888889
936,-0.321712018,0.681949458,0.638888889
937,-0.321712018,0.681949458,0.638888889
938,-0.321712018,0.681949458,0.638888889
939,-0.321712018,0.681949458,0.638888889
940,-0.154478458,0.362454874,0.843495935
941,-0.154478458,0.362454874,0.843495935
942,-0.154478458,0.362454874,0.843495935
943,-0.154478458,0.362454874,0.843495935
944,-0.154478458,0.362454874,0.843495935
945,-0.154478458,0.362454874,0.843495935
946,-0.154478458,0.362454874,0.843495935
947,-0.154478458,0.362454874,0.843495935
948,-0.154478458,0.362454874,0.843495935
949,0.360544218,-0.001444043,0.839092141
950,0.360544218,-0.001444043,0.839092141
951,0.360544218,-0.001444043,0.839092141
952,0.360544218,-0.001444043,0.839092141
953,0.360544218,-0.001444043,0.839092141
954,0.360544218,-0.001444043,0.839092141
955,0.360544218,-0.001444043,0.839092141
956,0.360544218,-0.001444043,0.839092141
957,0.360544218,-0.001444043,0.839092141
958,0.638605442,0.188086643,0.821138211
959,0.638605442,0.188086643,0.821138211
960,0.638605442,0.188086643,0.821138211
961,0.638605442,0.188086643,0.821138211
962,0.638605442,0.188086643,0.821138211
963,0.638605442,0.188086643,0.821138211
964,0.638605442,0.188086643,0.821138211
965,0.638605442,0.188086643,0.821138211
966,0.451814059,0.789530686,0.381775068
967,0.451814059,0.789530686,0.381775068
968,0.451814059,0.789530686,0.381775068
969,0.451814059,0.789530686,0.381775068
970,0.451814059,0.789530686,0.381775068
971,0.451814059,0.789530686,0.381775068
972,0.451814059,0.789530686,0.381775068
973,0.451814059,0.789530686,0.381775068
974,0.451814059,0.789530686,0.381775068
975,-0.056972789,0.682310469,-0.708672087
976,-0.056972789,0.682310469,-0.708672087
977,-0.056972789,0.682310469,-0.708672087
978,-0.056972789,0.682310469,-0.708672087
979,-0.056972789,0.682310469,-0.708672087
980,-0.056972789,0.682310469,-0.708672087
981,-0.056972789,0.682310469,-0.708672087
982,-0.056972789,0.682310469,-0.708672087
983,-0.056972789,0.682310469,-0.708672087
984,-0.097505669,-0.370758123,-0.946138211
985,-0.097505669,-0.370758123,-0.946138211
986,-0.097505669,-0.370758123,-0.946138211
987,-0.097505669,-0.370758123,-0.946138211
988,-0.097505669,-0.370758123,-0.946138211
989,-0.097505669,-0.370758123,-0.946138211
990,-0.097505669,-0.370758123,-0.946138211
991,-0.097505669,-0.370758123,-0.946138211
992,-0.005668934,-0.79133574,-0.627710027
993,-0.005668934,-0.79133574,-0.627710027
994,-0.005668934,-0.79133574,-0.627710027
995,-0.005668934,-0.79133574,-0.627710027
996,-0.005668934,-0.79133574,-0.627710027
997,-0.005668934,-0.79133574,-0.627710027
998,-0.005668934,-0.79133574,-0.627710027
999,-0.005668934,-0.79133574,-0.627710027
1000,-0.005668934,-0.79133574,-0.627710027
1001,0.067460317,-0.863898917,-0.356368564
1002,0.067460317,-0.863898917,-0.356368564
1003,0.067460317,-0.863898917,-0.356368564
1004,0.067460317,-0.863898917,-0.356368564
1005,0.067460317,-0.863898917,-0.356368564
1006,0.067460317,-0.863898917,-0.356368564
1007,0.067460317,-0.863898917,-0.356368564
1008,0.067460317,-0.863898917,-0.356368564
1009,0.067460317,-0.863898917,-0.356368564
1010,0.111111111,-0.816245487,-0.419715447
1011,0.111111111,-0.816245487,-0.419715447
1012,0.111111111,-0.816245487,-0.419715447
1013,0.111111111,-0.816245487,-0.419715447
1014,0.111111111,-0.816245487,-0.419715447
1015,0.111111111,-0.816245487,-0.419715447
1016,0.111111111,-0.816245487,-0.419715447
1017,0.111111111,-0.816245487,-0.419715447
1018,-0.034013605,-0.798916968,-0.553184282
1019,-0.034013605,-0.798916968,-0.553184282
1020,-0.034013605,-0.798916968,-0.553184282
1021,-0.034013605,-0.798916968,-0.553184282
1022,-0.034013605,-0.798916968,-0.553184282
1023,-0.034013605,-0.798916968,-0.553184282
1024,-0.034013605,-0.798916968,-0.553184282
1025,-0.034013605,-0.798916968,-0.553184282
1026,-0.034013605,-0.798916968,-0.553184282
1027,-0.315192744,-0.802166065,-0.598577236
1028,-0.315192744,-0.802166065,-0.598577236
1029,-0.315192744,-0.802166065,-0.598577236
1030,-0.315192744,-0.802166065,-0.598577236
1031,-0.315192744,-0.802166065,-0.598577236
1032,-0.315192744,-0.802166065,-0.598577236
1033,-0.315192744,-0.802166065,-0.598577236
1034,-0.315192744,-0.802166065,-0.598577236
1035,-0.315192744,-0.802166065,-0.598577236
1036,-0.540816327,-0.736101083,-0.583333333
1037,-0.540816327,-0.736101083,-0.583333333
1038,-0.540816327,-0.736101083,-0.583333333
1039,-0.540816327,-0.736101083,-0.583333333
1040,-0.540816327,-0.736101083,-0.583333333
1041,-0.540816327,-0.736101083,-0.583333333
1042,-0.540816327,-0.736101083,-0.583333333
1043,-0.540816327,-0.736101083,-0.583333333
1044,-0.803287982,-0.27400722,-0.688685637
1045,-0.803287982,-0.27400722,-0.688685637
1046,-0.803287982,-0.27400722,-0.688685637
1047,-0.803287982,-0.27400722,-0.688685637
1048,-0.803287982,-0.27400722,-0.688685637
1049,-0.803287982,-0.27400722,-0.688685637
1050,-0.803287982,-0.27400722,-0.688685637
1051,-0.803287982,-0.27400722,-0.688685637
1052,-0.803287982,-0.27400722,-0.688685637
1053,-0.363378685,0.889530686,-0.276084011
1054,-0.363378685,0.889530686,-0.276084011
1055,-0.363378685,0.889530686,-0.276084011
1056,-0.363378685,0.889530686,-0.276084011
1057,-0.363378685,0.889530686,-0.276084011
1058,-0.363378685,0.889530686,-0.276084011
1059,-0.363378685,0.889530686,-0.276084011
1060,-0.363378685,0.889530686,-0.276084011
1061,-0.363378685,0.889530686,-0.276084011
1062,0.570861678,0.448375451,0.799796748
1063,0.570861678,0.448375451,0.799796748
1064,0.570861678,0.448375451,0.799796748
1065,0.570861678,0.448375451,0.799796748
1066,0.570861678,0.448375451,0.799796748
1067,0.570861678,0.448375451,0.799796748
1068,0.570861678,0.448375451,0.799796748
1069,0.570861678,0.448375451,0.799796748
1070,0.697845805,-0.080144404,0.592479675
1071,0.697845805,-0.080144404,0.592479675
1072,0.697845805,-0.080144404,0.592479675
1073,0.697845805,-0.080144404,0.592479675
1074,0.697845805,-0.080144404,0.592479675
1075,0.697845805,-0.080144404,0.592479675
1076,0.697845805,-0.080144404,0.592479675
1077,0.697845805,-0.080144404,0.592479675
1078,0.697845805,-0.080144404,0.592479675
1079,0.68962585,-0.19133574,0.523712737
1080,0.68962585,-0.19133574,0.523712737
1081,0.68962585,-0.19133574,0.523712737
1082,0.68962585,-0.19133574,0.523712737
1083,0.68962585,-0.19133574,0.523712737
1084,0.68962585,-0.19133574,0.523712737
1085,0.68962585,-0.19133574,0.523712737
1086,0.68962585,-0.19133574,0.523712737
1087,0.68962585,-0.19133574,0.523712737
1088,0.706349206,-0.142599278,0.569783198
1089,0.706349206,-0.142599278,0.569783198
1090,0.706349206,-0.142599278,0.569783198
1091,0.706349206,-0.142599278,0.569783198
1092,0.706349206,-0.142599278,0.569783198
1093,0.706349206,-0.142599278,0.569783198
1094,0.706349206,-0.142599278,0.569783198
1095,0.706349206,-0.142599278,0.569783198
1096,0.698129252,0.306137184,0.497289973
1097,0.698129252,0.306137184,0.497289973
1098,0.698129252,0.306137184,0.497289973
1099,0.698129252,0.306137184,0.497289973
1100,0.698129252,0.306137184,0.497289973
1101,0.698129252,0.306137184,0.497289973
1102,0.698129252,0.306137184,0.497289973
1103,0.698129252,0.306137184,0.497289973
1104,0.698129252,0.306137184,0.497289973
1105,0.598072562,0.586642599,-0.197831978
1106,0.598072562,0.586642599,-0.197831978
1107,0.598072562,0.586642599,-0.197831978
1108,0.598072562,0.586642599,-0.197831978
1109,0.598072562,0.586642599,-0.197831978
1110,0.598072562,0.586642599,-0.197831978
1111,0.598072562,0.586642599,-0.197831978
1112,0.598072562,0.586642599,-0.197831978
1113,0.598072562,0.586642599,-0.197831978
1114,0.444444444,0.115523466,-0.655149051
1115,0.444444444,0.115523466,-0.655149051
1116,0.444444444,0.115523466,-0.655149051
1117,0.444444444,0.115523466,-0.655149051
1118,0.444444444,0.115523466,-0.655149051
1119,0.444444444,0.115523466,-0.655149051
1120,0.444444444,0.115523466,-0.655149051
1121,0.444444444,0.115523466,-0.655149051
1122,-0.039399093,0.029602888,-0.917344173
1123,-0.039399093,0.029602888,-0.917344173
1124,-0.039399093,0.029602888,-0.917344173
1125,-0.039399093,0.029602888,-0.917344173
1126,-0.039399093,0.029602888,-0.917344173
1127,-0.039399093,0.029602888,-0.917344173
1128,-0.039399093,0.029602888,-0.917344173
1129,-0.039399093,0.029602888,-0.917344173
1130,-0.039399093,0.029602888,-0.917344173
1131,-0.441609977,0.103971119,-0.890582656
1132,-0.441609977,0.103971119,-0.890582656
1133,-0.441609977,0.103971119,-0.890582656
1134,-0.441609977,0.103971119,-0.890582656
1135,-0.441609977,0.103971119,-0.890582656
1136,-0.441609977,0.103971119,-0.890582656
1137,-0.441609977,0.103971119,-0.890582656
1138,-0.441609977,0.103971119,-0.890582656
1139,-0.441609977,0.103971119,-0.890582656
1140,-0.316043084,-0.107581227,-1
1141,-0.316043084,-0.107581227,-1
1142,-0.316043084,-0.107581227,-1
1143,-0.316043084,-0.107581227,-1
1144,-0.316043084,-0.107581227,-1
1145,-0.316043084,-0.107581227,-1
1146,-0.316043084,-0.107581227,-1
1147,-0.316043084,-0.107581227,-1
1148,0.046201814,-0.617689531,-0.866531165
1149,0.046201814,-0.617689531,-0.866531165
1150,0.046201814,-0.617689531,-0.866531165
1151,0.046201814,-0.617689531,-0.866531165
1152,0.046201814,-0.617689531,-0.866531165
1153,0.046201814,-0.617689531,-0.866531165
1154,0.046201814,-0.617689531,-0.866531165
1155,0.046201814,-0.617689531,-0.866531165
1156,0.046201814,-0.617689531,-0.866531165
1157,0.551020408,-0.482310469,-0.562669377
1158,0.551020408,-0.482310469,-0.562669377
1159,0.551020408,-0.482310469,-0.562669377
1160,0.551020408,-0.482310469,-0.562669377
1161,0.551020408,-0.482310469,-0.562669377
1162,0.551020408,-0.482310469,-0.562669377
1163,0.551020408,-0.482310469,-0.562669377
1164,0.551020408,-0.482310469,-0.562669377
1165,0.551020408,-0.482310469,-0.562669377
1166,0.651360544,-0.111191336,-0.484078591
1167,0.651360544,-0.111191336,-0.484078591
1168,0.651360544,-0.111191336,-0.484078591
1169,0.651360544,-0.111191336,-0.484078591
1170,0.651360544,-0.111191336,-0.484078591
1171,0.651360544,-0.111191336,-0.484078591
1172,0.651360544,-0.111191336,-0.484078591
1173,0.651360544,-0.111191336,-0.484078591
1174,0.604024943,0.411191336,-0.383468835
1175,0.604024943,0.411191336,-0.383468835
1176,0.604024943,0.411191336,-0.383468835
1177,0.604024943,0.411191336,-0.383468835
1178,0.604024943,0.411191336,-0.383468835
1179,0.604024943,0.411191336,-0.383468835
1180,0.604024943,0.411191336,-0.383468835
1181,0.604024943,0.411191336,-0.383468835
1182,0.604024943,0.411191336,-0.383468835
1183,0.496315193,0.710830325,0.125677507
1184,0.496315193,0.710830325,0.125677507
1185,0.496315193,0.710830325,0.125677507
1186,0.496315193,0.710830325,0.125677507
1187,0.496315193,0.710830325,0.125677507
1188,0.496315193,0.710830325,0.125677507
1189,0.496315193,0.710830325,0.125677507
1190,0.496315193,0.710830325,0.125677507
1191,0.496315193,0.710830325,0.125677507
1192,0.547619048,0.475090253,0.401084011
1193,0.547619048,0.475090253,0.401084011
1194,0.547619048,0.475090253,0.401084011
1195,0.547619048,0.475090253,0.401084011
1196,0.547619048,0.475090253,0.401084011
1197,0.547619048,0.475090253,0.401084011
1198,0.547619048,0.475090253,0.401084011
1199,0.547619048,0.475090253,0.401084011
1200,0.683106576,0.297833935,0.296070461
1201,0.683106576,0.297833935,0.296070461
1202,0.683106576,0.297833935,0.296070461
1203,0.683106576,0.297833935,0.296070461
1204,0.683106576,0.297833935,0.296070461
1205,0.683106576,0.297833935,0.296070461
1206,0.683106576,0.297833935,0.296070461
1207,0.683106576,0.297833935,0.296070461
1208,0.683106576,0.297833935,0.296070461
1209,0.773809524,0.201083032,0.297764228
1210,0.773809524,0.201083032,0.297764228
1211,0.773809524,0.201083032,0.297764228
1212,0.773809524,0.201083032,0.297764228
1213,0.773809524,0.201083032,0.297764228
1214,0.773809524,0.201083032,0.297764228
1215,0.773809524,0.201083032,0.297764228
1216,0.773809524,0.201083032,0.297764228
1217,0.773809524,0.201083032,0.297764228
1218,0.693877551,0.574729242,0.241531165
1219,0.693877551,0.574729242,0.241531165
1220,0.693877551,0.574729242,0.241531165
1221,0.693877551,0.574729242,0.241531165
1222,0.693877551,0.574729242,0.241531165
1223,0.693877551,0.574729242,0.241531165
1224,0.693877551,0.574729242,0.241531165
1225,0.693877551,0.574729242,0.241531165
1226,0.693877551,0.574729242,-0.746612466
1227,0.224773243,0.740433213,-0.746612466
1228,0.224773243,0.740433213,-0.746612466
1229,0.224773243,0.740433213,-0.746612466
1230,0.224773243,0.740433213,-0.746612466
1231,0.224773243,0.740433213,-0.746612466
1232,0.224773243,0.740433213,-0.746612466
1233,0.224773243,0.740433213,-0.746612466
1234,0.224773243,0.740433213,-0.746612466
1235,-0.152777778,-0.538628159,-0.945799458
1236,-0.152777778,-0.538628159,-0.945799458
1237,-0.152777778,-0.538628159,-0.945799458
1238,-0.152777778,-0.538628159,-0.945799458
1239,-0.152777778,-0.538628159,-0.945799458
1240,-0.152777778,-0.538628159,-0.945799458
1241,-0.152777778,-0.538628159,-0.945799458
1242,-0.152777778,-0.538628159,-0.945799458
1243,-0.152777778,-0.538628159,-0.945799458
1244,0.174886621,-0.749097473,-0.599932249
1245,0.174886621,-0.749097473,-0.599932249
1246,0.174886621,-0.749097473,-0.599932249
1247,0.174886621,-0.749097473,-0.599932249
1248,0.174886621,-0.749097473,-0.599932249
1249,0.174886621,-0.749097473,-0.599932249
1250,0.174886621,-0.749097473,-0.599932249
1251,0.174886621,-0.749097473,-0.599932249
1252,0.174886621,-0.730685921,-0.50304878
1253,0.228741497,-0.730685921,-0.50304878
1254,0.228741497,-0.730685921,-0.50304878
1255,0.228741497,-0.730685921,-0.50304878
1256,0.228741497,-0.730685921,-0.50304878
1257,0.228741497,-0.730685921,-0.50304878
1258,0.228741497,-0.730685921,-0.50304878
1259,0.228741497,-0.730685921,-0.50304878
1260,0.228741497,-0.730685921,-0.50304878
1261,0.4611678,-0.663176895,-0.295731707
1262,0.4611678,-0.663176895,-0.295731707
1263,0.4611678,-0.663176895,-0.295731707
1264,0.4611678,-0.663176895,-0.295731707
1265,0.4611678,-0.663176895,-0.295731707
1266,0.4611678,-0.663176895,-0.295731707
1267,0.4611678,-0.663176895,-0.295731707
1268,0.4611678,-0.663176895,-0.295731707
1269,0.4611678,-0.663176895,-0.295731707
1270,0.570294785,-0.644043321,-0.017276423
1271,0.570294785,-0.644043321,-0.017276423
1272,0.570294785,-0.644043321,-0.017276423
1273,0.570294785,-0.644043321,-0.017276423
1274,0.570294785,-0.644043321,-0.017276423
1275,0.570294785,-0.644043321,-0.017276423
1276,0.570294785,-0.644043321,-0.017276423
1277,0.570294785,-0.644043321,-0.017276423
1278,0.570294785,-0.644043321,-0.017276423
1279,0.511621315,-0.684115523,0.047425474
1280,0.511621315,-0.684115523,0.047425474
1281,0.511621315,-0.684115523,0.047425474
1282,0.511621315,-0.684115523,0.047425474
1283,0.511621315,-0.684115523,0.047425474
1284,0.511621315,-0.684115523,0.047425474
1285,0.511621315,-0.684115523,0.047425474
1286,0.511621315,-0.684115523,0.047425474
1287,0.469104308,-0.70866426,0.136856369
1288,0.469104308,-0.70866426,0.136856369
1289,0.469104308,-0.70866426,0.136856369
1290,0.469104308,-0.70866426,0.136856369
1291,0.469104308,-0.70866426,0.136856369
1292,0.469104308,-0.70866426,0.136856369
1293,0.469104308,-0.70866426,0.136856369
1294,0.469104308,-0.70866426,0.136856369
1295,0.469104308,-0.70866426,0.136856369
1296,0.467970522,-0.767509025,0.030826558
1297,0.467970522,-0.767509025,0.030826558
1298,0.467970522,-0.767509025,0.030826558
1299,0.467970522,-0.767509025,0.030826558
1300,0.467970522,-0.767509025,0.030826558
1301,0.467970522,-0.767509025,0.030826558
1302,0.467970522,-0.767509025,0.030826558
1303,0.467970522,-0.767509025,0.030826558
1304,0.467970522,-0.767509025,0.030826558
1305,0.453798186,-0.779783394,-0.089092141
1306,0.453798186,-0.779783394,-0.089092141
1307,0.453798186,-0.779783394,-0.089092141
1308,0.453798186,-0.779783394,-0.089092141
1309,0.453798186,-0.779783394,-0.089092141
1310,0.453798186,-0.779783394,-0.089092141
1311,0.453798186,-0.779783394,-0.089092141
1312,0.453798186,-0.779783394,-0.089092141
1313,0.930272109,-0.333935018,0.151761518
1314,0.930272109,-0.333935018,0.151761518
1315,0.930272109,-0.333935018,0.151761518
1316,0.930272109,-0.333935018,0.151761518
1317,0.930272109,-0.333935018,0.151761518
1318,0.930272109,-0.333935018,0.151761518
1319,0.930272109,-0.333935018,0.151761518
1320,0.930272109,-0.333935018,0.151761518
1321,0.930272109,-0.333935018,0.151761518
1322,0.795634921,0.20433213,0.390921409
1323,0.795634921,0.20433213,0.390921409
1324,0.795634921,0.20433213,0.390921409
1325,0.795634921,0.20433213,0.390921409
1326,0.795634921,0.20433213,0.390921409
1327,0.795634921,0.20433213,0.390921409
1328,0.795634921,0.20433213,0.390921409
1329,0.795634921,0.20433213,0.390921409
1330,0.795634921,0.20433213,0.390921409
1331,0.47675737,0.410469314,0.73001355
1332,0.47675737,0.410469314,0.73001355
1333,0.47675737,0.410469314,0.73001355
1334,0.47675737,0.410469314,0.73001355
1335,0.47675737,0.410469314,0.73001355
1336,0.47675737,0.410469314,0.73001355
1337,0.47675737,0.410469314,0.73001355
1338,0.47675737,0.410469314,0.73001355
1339,0.191893424,0.015884477,0.888888889
1340,0.191893424,0.015884477,0.888888889
1341,0.191893424,0.015884477,0.888888889
1342,0.191893424,0.015884477,0.888888889
1343,0.191893424,0.015884477,0.888888889
1344,0.191893424,0.015884477,0.888888889
1345,0.191893424,0.015884477,0.888888889
1346,0.191893424,0.015884477,0.888888889
1347,0.191893424,0.015884477,0.888888889
1348,0.325396825,-0.273646209,0.779471545
1349,0.325396825,-0.273646209,0.779471545
1350,0.325396825,-0.273646209,0.779471545
1351,0.325396825,-0.273646209,0.779471545
1352,0.325396825,-0.273646209,0.779471545
1353,0.325396825,-0.273646209,0.779471545
1354,0.325396825,-0.273646209,0.779471545
1355,0.325396825,-0.273646209,0.779471545
1356,0.325396825,-0.273646209,0.779471545
1357,0.595521542,-0.437545126,0.452574526
1358,0.595521542,-0.437545126,0.452574526
1359,0.595521542,-0.437545126,0.452574526
1360,0.595521542,-0.437545126,0.452574526
1361,0.595521542,-0.437545126,0.452574526
1362,0.595521542,-0.437545126,0.452574526
1363,0.595521542,-0.437545126,0.452574526
1364,0.595521542,-0.437545126,0.452574526
1365,0.595521542,-0.207942238,0.449525745
1366,0.765589569,-0.207942238,0.449525745
1367,0.765589569,-0.207942238,0.449525745
1368,0.765589569,-0.207942238,0.449525745
1369,0.765589569,-0.207942238,0.449525745
1370,0.765589569,-0.207942238,0.449525745
1371,0.765589569,-0.207942238,0.449525745
1372,0.765589569,-0.207942238,0.449525745
1373,0.765589569,-0.207942238,0.449525745
1374,0.716836735,0.879061372,-0.008130081
1375,0.716836735,0.879061372,-0.008130081
1376,0.716836735,0.879061372,-0.008130081
1377,0.716836735,0.879061372,-0.008130081
1378,0.716836735,0.879061372,-0.008130081
1379,0.716836735,0.879061372,-0.008130081
1380,0.716836735,0.879061372,-0.008130081
1381,0.716836735,0.879061372,-0.008130081
1382,0.716836735,0.879061372,-0.008130081
1383,-0.47675737,0.623826715,-0.559281843
1384,-0.47675737,0.623826715,-0.559281843
1385,-0.47675737,0.623826715,-0.559281843
1386,-0.47675737,0.623826715,-0.559281843
1387,-0.47675737,0.623826715,-0.559281843
1388,-0.47675737,0.623826715,-0.559281843
1389,-0.47675737,0.623826715,-0.559281843
1390,-0.47675737,0.623826715,-0.559281843
1391,-0.47675737,0.623826715,-0.577574526
1392,-0.803571429,-0.580144404,-0.577574526
1393,-0.803571429,-0.580144404,-0.577574526
1394,-0.803571429,-0.580144404,-0.577574526
1395,-0.803571429,-0.580144404,-0.577574526
1396,-0.803571429,-0.580144404,-0.577574526
1397,-0.803571429,-0.580144404,-0.577574526
1398,-0.803571429,-0.580144404,-0.577574526
1399,-0.803571429,-0.580144404,-0.577574526
1400,-0.23185941,-1,-0.35399729
1401,-0.23185941,-1,-0.35399729
1402,-0.23185941,-1,-0.35399729
1403,-0.23185941,-1,-0.35399729
1404,-0.23185941,-1,-0.35399729
1405,-0.23185941,-1,-0.35399729
1406,-0.23185941,-1,-0.35399729
1407,-0.23185941,-1,-0.35399729
1408,-0.23185941,-1,-0.35399729
1409,0.443310658,-0.740433213,0.196138211
1410,0.443310658,-0.740433213,0.196138211
1411,0.443310658,-0.740433213,0.196138211
1412,0.443310658,-0.740433213,0.196138211
1413,0.443310658,-0.740433213,0.196138211
1414,0.443310658,-0.740433213,0.196138211
1415,0.443310658,-0.740433213,0.196138211
1416,0.443310658,-0.740433213,0.196138211
1417,0.73100907,-0.155595668,0.388550136
1418,0.73100907,-0.155595668,0.388550136
1419,0.73100907,-0.155595668,0.388550136
1420,0.73100907,-0.155595668,0.388550136
1421,0.73100907,-0.155595668,0.388550136
1422,0.73100907,-0.155595668,0.388550136
1423,0.73100907,-0.155595668,0.388550136
1424,0.73100907,-0.155595668,0.388550136
1425,0.73100907,-0.155595668,0.388550136
1426,0.615079365,0.12599278,0.678861789
1427,0.615079365,0.12599278,0.678861789
1428,0.615079365,0.12599278,0.678861789
1429,0.615079365,0.12599278,0.678861789
1430,0.615079365,0.12599278,0.678861789
1431,0.615079365,0.12599278,0.678861789
1432,0.615079365,0.12599278,0.678861789
1433,0.615079365,0.12599278,0.678861789
1434,0.615079365,0.12599278,0.678861789
1435,0.546485261,0.077978339,0.876355014
1436,0.546485261,0.077978339,0.876355014
1437,0.546485261,0.077978339,0.876355014
1438,0.546485261,0.077978339,0.876355014
1439,0.546485261,0.077978339,0.876355014
1440,0.546485261,0.077978339,0.876355014
1441,0.546485261,0.077978339,0.876355014
1442,0.546485261,0.077978339,0.876355014
1443,0.546485261,0.077978339,0.876355014
1444,0.232709751,0.179783394,0.855352304
1445,0.232709751,0.179783394,0.855352304
1446,0.232709751,0.179783394,0.855352304
1447,0.232709751,0.179783394,0.855352304
1448,0.232709751,0.179783394,0.855352304
1449,0.232709751,0.179783394,0.855352304
1450,0.232709751,0.179783394,0.855352304
1451,0.232709751,0.179783394,0.855352304
1452,-0.024376417,-0.000361011,0.901761518
1453,-0.024376417,-0.000361011,0.901761518
1454,-0.024376417,-0.000361011,0.901761518
1455,-0.024376417,-0.000361011,0.901761518
1456,-0.024376417,-0.000361011,0.901761518
1457,-0.024376417,-0.000361011,0.901761518
1458,-0.024376417,-0.000361011,0.901761518
1459,-0.024376417,-0.000361011,0.901761518
1460,-0.024376417,-0.000361011,0.901761518
1461,-0.125283447,-0.272202166,0.85298103
1462,-0.125283447,-0.272202166,0.85298103
1463,-0.125283447,-0.272202166,0.85298103
1464,-0.125283447,-0.272202166,0.85298103
1465,-0.125283447,-0.272202166,0.85298103
1466,-0.125283447,-0.272202166,0.85298103
1467,-0.125283447,-0.272202166,0.85298103
1468,-0.125283447,-0.272202166,0.85298103
1469,-0.125283447,-0.272202166,0.85298103
1470,-0.019274376,-0.302888087,0.867547425
1471,-0.019274376,-0.302888087,0.867547425
1472,-0.019274376,-0.302888087,0.867547425
1473,-0.019274376,-0.302888087,0.867547425
1474,-0.019274376,-0.302888087,0.867547425
1475,-0.019274376,-0.302888087,0.867547425
1476,-0.019274376,-0.302888087,0.867547425
1477,-0.019274376,-0.302888087,0.867547425
1478,0.300736961,-0.431768953,0.679200542
1479,0.300736961,-0.431768953,0.679200542
1480,0.300736961,-0.431768953,0.679200542
1481,0.300736961,-0.431768953,0.679200542
1482,0.300736961,-0.431768953,0.679200542
1483,0.300736961,-0.431768953,0.679200542
1484,0.300736961,-0.431768953,0.679200542
1485,0.300736961,-0.431768953,0.679200542
1486,0.300736961,-0.431768953,0.679200542
1487,0.496031746,-0.787364621,0.424796748
1488,0.496031746,-0.787364621,0.424796748
1489,0.496031746,-0.787364621,0.424796748
1490,0.496031746,-0.787364621,0.424796748
1491,0.496031746,-0.787364621,0.424796748
1492,0.496031746,-0.787364621,0.424796748
1493,0.496031746,-0.787364621,0.424796748
1494,0.496031746,-0.787364621,0.424796748
1495,0.496031746,-0.787364621,0.424796748
1496,0.251984127,-0.845848375,0.344173442
1497,0.251984127,-0.845848375,0.344173442
1498,0.251984127,-0.845848375,0.344173442
1499,0.251984127,-0.845848375,0.344173442
1500,0.251984127,-0.845848375,0.344173442
1501,0.251984127,-0.845848375,0.344173442
1502,0.251984127,-0.845848375,0.344173442
1503,0.251984127,-0.845848375,0.344173442
1504,0.501417234,-0.65234657,0.326897019
1505,0.501417234,-0.65234657,0.326897019
1506,0.501417234,-0.65234657,0.326897019
1507,0.501417234,-0.65234657,0.326897019
1508,0.501417234,-0.65234657,0.326897019
1509,0.501417234,-0.65234657,0.326897019
1510,0.501417234,-0.65234657,0.326897019
1511,0.501417234,-0.65234657,0.326897019
1512,0.501417234,-0.65234657,0.326897019
1513,0.531179138,-0.653068592,0.019308943
1514,0.531179138,-0.653068592,0.019308943
1515,0.531179138,-0.653068592,0.019308943
1516,0.531179138,-0.653068592,0.019308943
1517,0.531179138,-0.653068592,0.019308943
1518,0.531179138,-0.653068592,0.019308943
1519,0.531179138,-0.653068592,0.019308943
1520,0.531179138,-0.653068592,0.019308943
1521,0.531179138,-0.653068592,0.019308943
1522,0.389739229,-0.660288809,-0.149051491
1523,0.389739229,-0.660288809,-0.149051491
1524,0.389739229,-0.660288809,-0.149051491
1525,0.389739229,-0.660288809,-0.149051491
1526,0.389739229,-0.660288809,-0.149051491
1527,0.389739229,-0.660288809,-0.149051491
1528,0.389739229,-0.660288809,-0.149051491
1529,0.389739229,-0.660288809,-0.149051491
1530,0.389739229,-0.660288809,-0.149051491
1531,0.175170068,-0.748375451,-0.444783198
1532,0.175170068,-0.748375451,-0.444783198
1533,0.175170068,-0.748375451,-0.444783198
1534,0.175170068,-0.748375451,-0.444783198
1535,0.175170068,-0.748375451,-0.444783198
1536,0.175170068,-0.748375451,-0.444783198
1537,0.175170068,-0.748375451,-0.444783198
1538,0.175170068,-0.748375451,-0.444783198
1539,-0.465419501,-0.56534296,-0.766598916
1540,-0.465419501,-0.56534296,-0.766598916
1541,-0.465419501,-0.56534296,-0.766598916
1542,-0.465419501,-0.56534296,-0.766598916
1543,-0.465419501,-0.56534296,-0.766598916
1544,-0.465419501,-0.56534296,-0.766598916
1545,-0.465419501,-0.56534296,-0.766598916
1546,-0.465419501,-0.56534296,-0.766598916
1547,-0.465419501,-0.56534296,-0.766598916
1548,-0.878968254,0.040433213,-0.552506775
1549,-0.878968254,0.040433213,-0.552506775
1550,-0.878968254,0.040433213,-0.552506775
1551,-0.878968254,0.040433213,-0.552506775
1552,-0.878968254,0.040433213,-0.552506775
1553,-0.878968254,0.040433213,-0.552506775
1554,-0.878968254,0.040433213,-0.552506775
1555,-0.878968254,0.040433213,-0.552506775
1556,-0.878968254,0.814079422,0.221544715
1557,-0.479591837,0.814079422,0.221544715
1558,-0.479591837,0.814079422,0.221544715
1559,-0.479591837,0.814079422,0.221544715
1560,-0.479591837,0.814079422,0.221544715
1561,-0.479591837,0.814079422,0.221544715
1562,-0.479591837,0.814079422,0.221544715
1563,-0.479591837,0.814079422,0.221544715
1564,-0.479591837,0.814079422,0.221544715
1565,0.223356009,0.188808664,0.892276423
1566,0.223356009,0.188808664,0.892276423
1567,0.223356009,0.188808664,0.892276423
1568,0.223356009,0.188808664,0.892276423
1569,0.223356009,0.188808664,0.892276423
1570,0.223356009,0.188808664,0.892276423
1571,0.223356009,0.188808664,0.892276423
1572,0.223356009,0.188808664,0.892276423
1573,0.223356009,0.188808664,0.892276423
1574,0.227040816,-0.444765343,0.696476965
1575,0.227040816,-0.444765343,0.696476965
1576,0.227040816,-0.444765343,0.696476965
1577,0.227040816,-0.444765343,0.696476965
1578,0.227040816,-0.444765343,0.696476965
1579,0.227040816,-0.444765343,0.696476965
1580,0.227040816,-0.444765343,0.696476965
1581,0.227040816,-0.444765343,0.696476965
1582,0.227040816,-0.444765343,0.696476965
1583,0.413265306,-0.579061372,0.54302168
1584,0.413265306,-0.579061372,0.54302168
1585,0.413265306,-0.579061372,0.54302168
1586,0.413265306,-0.579061372,0.54302168
1587,0.413265306,-0.579061372,0.54302168
1588,0.413265306,-0.579061372,0.54302168
1589,0.413265306,-0.579061372,0.54302168
1590,0.413265306,-0.579061372,0.54302168
1591,0.382369615,-0.767509025,0.271680217
1592,0.382369615,-0.767509025,0.271680217
1593,0.382369615,-0.767509025,0.271680217
1594,0.382369615,-0.767509025,0.271680217
1595,0.382369615,-0.767509025,0.271680217
1596,0.382369615,-0.767509025,0.271680217
1597,0.382369615,-0.767509025,0.271680217
1598,0.382369615,-0.767509025,0.271680217
1599,0.382369615,-0.767509025,0.271680217
1600,0.424319728,-0.736462094,0.264227642
1601,0.424319728,-0.736462094,0.264227642
1602,0.424319728,-0.736462094,0.264227642
1603,0.424319728,-0.736462094,0.264227642
1604,0.424319728,-0.736462094,0.264227642
1605,0.424319728,-0.736462094,0.264227642
1606,0.424319728,-0.736462094,0.264227642
1607,0.424319728,-0.736462094,0.264227642
1608,0.424319728,-0.736462094,0.264227642
1609,0.475340136,-0.589891697,0.39498645
1610,0.475340136,-0.589891697,0.39498645
1611,0.475340136,-0.589891697,0.39498645
1612,0.475340136,-0.589891697,0.39498645
1613,0.475340136,-0.589891697,0.39498645
1614,0.475340136,-0.589891697,0.39498645
1615,0.475340136,-0.589891697,0.39498645
1616,0.475340136,-0.589891697,0.39498645
1617,0.340136054,-0.544765343,0.517615176
1618,0.340136054,-0.544765343,0.517615176
1619,0.340136054,-0.544765343,0.517615176
1620,0.340136054,-0.544765343,0.517615176
1621,0.340136054,-0.544765343,0.517615176
1622,0.340136054,-0.544765343,0.517615176
1623,0.340136054,-0.544765343,0.517615176
1624,0.340136054,-0.544765343,0.517615176
1625,0.340136054,-0.544765343,0.517615176
1626,0.325680272,-0.53898917,0.602303523
1627,0.325680272,-0.53898917,0.602303523
1628,0.325680272,-0.53898917,0.602303523
1629,0.325680272,-0.53898917,0.602303523
1630,0.325680272,-0.53898917,0.602303523
1631,0.325680272,-0.53898917,0.602303523
1632,0.325680272,-0.53898917,0.602303523
1633,0.325680272,-0.53898917,0.602303523
1634,0.325680272,-0.53898917,0.602303523
1635,0.242630385,-0.496750903,0.676151762
1636,0.242630385,-0.496750903,0.676151762
1637,0.242630385,-0.496750903,0.676151762
1638,0.242630385,-0.496750903,0.676151762
1639,0.242630385,-0.496750903,0.676151762
1640,0.242630385,-0.496750903,0.676151762
1641,0.242630385,-0.496750903,0.676151762
1642,0.242630385,-0.496750903,0.676151762
1643,0.149376417,-0.567509025,0.665311653
1644,0.149376417,-0.567509025,0.665311653
1645,0.149376417,-0.567509025,0.665311653
1646,0.149376417,-0.567509025,0.665311653
1647,0.149376417,-0.567509025,0.665311653
1648,0.149376417,-0.567509025,0.665311653
1649,0.149376417,-0.567509025,0.665311653
1650,0.149376417,-0.567509025,0.665311653
1651,0.149376417,-0.567509025,0.665311653
1652,0.147675737,-0.479422383,0.710704607
1653,0.147675737,-0.479422383,0.710704607
1654,0.147675737,-0.479422383,0.710704607
1655,0.147675737,-0.479422383,0.710704607
1656,0.147675737,-0.479422383,0.710704607
1657,0.147675737,-0.479422383,0.710704607
1658,0.147675737,-0.479422383,0.710704607
1659,0.147675737,-0.479422383,0.710704607
1660,0.147675737,-0.479422383,0.710704607
1661,0.242063492,-0.255595668,0.780487805
1662,0.242063492,-0.255595668,0.780487805
1663,0.242063492,-0.255595668,0.780487805
1664,0.242063492,-0.255595668,0.780487805
1665,0.242063492,-0.255595668,0.780487805
1666,0.242063492,-0.255595668,0.780487805
1667,0.242063492,-0.255595668,0.780487805
1668,0.242063492,-0.255595668,0.780487805
1669,0.320294785,-0.192418773,0.837398374
1670,0.320294785,-0.192418773,0.837398374
1671,0.320294785,-0.192418773,0.837398374
1672,0.320294785,-0.192418773,0.837398374
1673,0.320294785,-0.192418773,0.837398374
1674,0.320294785,-0.192418773,0.837398374
1675,0.320294785,-0.192418773,0.837398374
1676,0.320294785,-0.192418773,0.837398374
1677,0.320294785,-0.192418773,0.837398374
1678,0.347789116,-0.211913357,0.805216802
1679,0.347789116,-0.211913357,0.805216802
1680,0.347789116,-0.211913357,0.805216802
1681,0.347789116,-0.211913357,0.805216802
1682,0.347789116,-0.211913357,0.805216802
1683,0.347789116,-0.211913357,0.805216802
1684,0.347789116,-0.211913357,0.805216802
1685,0.347789116,-0.211913357,0.805216802
1686,0.347789116,-0.211913357,0.805216802
1687,0.286848073,-0.209025271,0.83401084
1688,0.286848073,-0.209025271,0.83401084
1689,0.286848073,-0.209025271,0.83401084
1690,0.286848073,-0.209025271,0.83401084
1691,0.286848073,-0.209025271,0.83401084
1692,0.286848073,-0.209025271,0.83401084
1693,0.286848073,-0.209025271,0.83401084
1694,0.286848073,-0.209025271,0.83401084
1695,0.286848073,-0.209025271,0.83401084
1696,0.199546485,-0.259566787,0.831639566
1697,0.199546485,-0.259566787,0.831639566
1698,0.199546485,-0.259566787,0.831639566
1699,0.199546485,-0.259566787,0.831639566
1700,0.199546485,-0.259566787,0.831639566
1701,0.199546485,-0.259566787,0.831639566
1702,0.199546485,-0.259566787,0.831639566
1703,0.199546485,-0.259566787,0.831639566
1704,0.200396825,-0.263176895,0.829945799
1705,0.200396825,-0.263176895,0.829945799
1706,0.200396825,-0.263176895,0.829945799
1707,0.200396825,-0.263176895,0.829945799
1708,0.200396825,-0.263176895,0.829945799
1709,0.200396825,-0.263176895,0.829945799
1710,0.200396825,-0.263176895,0.829945799
1711,0.200396825,-0.263176895,0.829945799
1712,0.200396825,-0.263176895,0.829945799
1713,0.198129252,-0.325631769,0.764905149
1714,0.198129252,-0.325631769,0.764905149
1715,0.198129252,-0.325631769,0.764905149
1716,0.198129252,-0.325631769,0.764905149
1717,0.198129252,-0.325631769,0.764905149
1718,0.198129252,-0.325631769,0.764905149
1719,0.198129252,-0.325631769,0.764905149
1720,0.198129252,-0.325631769,0.764905149
1721,0.198129252,-0.325631769,0.764905149
1722,0.275226757,-0.47400722,0.658536585
1723,0.275226757,-0.47400722,0.658536585
1724,0.275226757,-0.47400722,0.658536585
1725,0.275226757,-0.47400722,0.658536585
1726,0.275226757,-0.47400722,0.658536585
1727,0.275226757,-0.47400722,0.658536585
1728,0.275226757,-0.47400722,0.658536585
1729,0.275226757,-0.47400722,0.658536585
1730,0.479024943,-0.259566787,0.803184282
1731,0.479024943,-0.259566787,0.803184282
1732,0.479024943,-0.259566787,0.803184282
1733,0.479024943,-0.259566787,0.803184282
1734,0.479024943,-0.259566787,0.803184282
1735,0.479024943,-0.259566787,0.803184282
1736,0.479024943,-0.259566787,0.803184282
1737,0.479024943,-0.259566787,0.803184282
1738,0.479024943,-0.259566787,0.803184282
1739,0.537981859,0.401083032,0.807926829
1740,0.537981859,0.401083032,0.807926829
1741,0.537981859,0.401083032,0.807926829
1742,0.537981859,0.401083032,0.807926829
1743,0.537981859,0.401083032,0.807926829
1744,0.537981859,0.401083032,0.807926829
1745,0.537981859,0.401083032,0.807926829
1746,0.537981859,0.401083032,0.807926829
1747,0.537981859,0.401083032,0.807926829
1748,0.510487528,0.75631769,0.438685637
1749,0.510487528,0.75631769,0.438685637
1750,0.510487528,0.75631769,0.438685637
1751,0.510487528,0.75631769,0.438685637
1752,0.510487528,0.75631769,0.438685637
1753,0.510487528,0.75631769,0.438685637
1754,0.510487528,0.75631769,0.438685637
1755,0.510487528,0.75631769,0.438685637
1756,0.510487528,0.75631769,0.438685637
1757,0.421768707,0.839711191,0.180216802
1758,0.421768707,0.839711191,0.180216802
1759,0.421768707,0.839711191,0.180216802
1760,0.421768707,0.839711191,0.180216802
1761,0.421768707,0.839711191,0.180216802
1762,0.421768707,0.839711191,0.180216802
1763,0.421768707,0.839711191,0.180216802
1764,0.421768707,0.839711191,0.180216802
1765,0.483843537,0.793140794,0.243224932
1766,0.483843537,0.793140794,0.243224932
1767,0.483843537,0.793140794,0.243224932
1768,0.483843537,0.793140794,0.243224932
1769,0.483843537,0.793140794,0.243224932
1770,0.483843537,0.793140794,0.243224932
1771,0.483843537,0.793140794,0.243224932
1772,0.483843537,0.793140794,0.243224932
1773,0.483843537,0.793140794,0.243224932
1774,0.573412698,0.684837545,0.087059621
1775,0.573412698,0.684837545,0.087059621
1776,0.573412698,0.684837545,0.087059621
1777,0.573412698,0.684837545,0.087059621
1778,0.573412698,0.684837545,0.087059621
1779,0.573412698,0.684837545,0.087059621
1780,0.573412698,0.684837545,0.087059621
1781,0.573412698,0.684837545,0.087059621
1782,0.573412698,0.684837545,0.087059621
1783,0.535997732,0.674368231,-0.054539295
1784,0.535997732,0.674368231,-0.054539295
1785,0.535997732,0.674368231,-0.054539295
1786,0.535997732,0.674368231,-0.054539295
1787,0.535997732,0.674368231,-0.054539295
1788,0.535997732,0.674368231,-0.054539295
1789,0.535997732,0.674368231,-0.054539295
1790,0.535997732,0.674368231,-0.054539295
1791,0.532029478,0.711191336,-0.101626016
1792,0.532029478,0.711191336,-0.101626016
1793,0.532029478,0.711191336,-0.101626016
1794,0.532029478,0.711191336,-0.101626016
1795,0.532029478,0.711191336,-0.101626016
1796,0.532029478,0.711191336,-0.101626016
1797,0.532029478,0.711191336,-0.101626016
1798,0.532029478,0.711191336,-0.101626016
1799,0.532029478,0.711191336,-0.101626016
1800,0.515022676,0.846931408,-0.114159892
1801,0.515022676,0.846931408,-0.114159892
1802,0.515022676,0.846931408,-0.114159892
1803,0.515022676,0.846931408,-0.114159892
1804,0.515022676,0.846931408,-0.114159892
1805,0.515022676,0.846931408,-0.114159892
1806,0.515022676,0.846931408,-0.114159892
1807,0.515022676,0.846931408,-0.114159892
1808,0.515022676,0.846931408,-0.114159892
1809,0.148809524,0.937184116,-0.485772358
1810,0.148809524,0.937184116,-0.485772358
1811,0.148809524,0.937184116,-0.485772358
1812,0.148809524,0.937184116,-0.485772358
1813,0.148809524,0.937184116,-0.485772358
1814,0.148809524,0.937184116,-0.485772358
1815,0.148809524,0.937184116,-0.485772358
1816,0.148809524,0.937184116,-0.485772358
1817,-0.155895692,0.659566787,-0.666666667
1818,-0.155895692,0.659566787,-0.666666667
1819,-0.155895692,0.659566787,-0.666666667
1820,-0.155895692,0.659566787,-0.666666667
1821,-0.155895692,0.659566787,-0.666666667
1822,-0.155895692,0.659566787,-0.666666667
1823,-0.155895692,0.659566787,-0.666666667
1824,-0.155895692,0.659566787,-0.666666667
1825,-0.155895692,0.659566787,-0.666666667
1826,-0.242063492,0.242238267,-0.903116531
1827,-0.242063492,0.242238267,-0.903116531
1828,-0.242063492,0.242238267,-0.903116531
1829,-0.242063492,0.242238267,-0.903116531
1830,-0.242063492,0.242238267,-0.903116531
1831,-0.242063492,0.242238267,-0.903116531
1832,-0.242063492,0.242238267,-0.903116531
1833,-0.242063492,0.242238267,-0.903116531
1834,-0.242063492,0.242238267,-0.903116531
1835,-0.191893424,-0.007942238,-0.928523035
1836,-0.191893424,-0.007942238,-0.928523035
1837,-0.191893424,-0.007942238,-0.928523035
1838,-0.191893424,-0.007942238,-0.928523035
1839,-0.191893424,-0.007942238,-0.928523035
1840,-0.191893424,-0.007942238,-0.928523035
1841,-0.191893424,-0.007942238,-0.928523035
1842,-0.191893424,-0.007942238,-0.928523035
1843,-0.113945578,-0.193501805,-0.932588076
1844,-0.113945578,-0.193501805,-0.932588076
1845,-0.113945578,-0.193501805,-0.932588076
1846,-0.113945578,-0.193501805,-0.932588076
1847,-0.113945578,-0.193501805,-0.932588076
1848,-0.113945578,-0.193501805,-0.932588076
1849,-0.113945578,-0.193501805,-0.932588076
1850,-0.113945578,-0.193501805,-0.932588076
1851,-0.113945578,-0.193501805,-0.932588076
1852,0.049319728,-0.39566787,-0.808943089
1853,0.049319728,-0.39566787,-0.808943089
1854,0.049319728,-0.39566787,-0.808943089
1855,0.049319728,-0.39566787,-0.808943089
1856,0.049319728,-0.39566787,-0.808943089
1857,0.049319728,-0.39566787,-0.808943089
1858,0.049319728,-0.39566787,-0.808943089
1859,0.049319728,-0.39566787,-0.808943089
1860,0.049319728,-0.39566787,-0.808943089
1861,0.277210884,-0.454512635,-0.648373984
1862,0.277210884,-0.454512635,-0.648373984
1863,0.277210884,-0.454512635,-0.648373984
1864,0.277210884,-0.454512635,-0.648373984
1865,0.277210884,-0.454512635,-0.648373984
1866,0.277210884,-0.454512635,-0.648373984
1867,0.277210884,-0.454512635,-0.648373984
1868,0.277210884,-0.454512635,-0.648373984
1869,0.450680272,-0.541877256,-0.386856369
1870,0.450680272,-0.541877256,-0.386856369
1871,0.450680272,-0.541877256,-0.386856369
1872,0.450680272,-0.541877256,-0.386856369
1873,0.450680272,-0.541877256,-0.386856369
1874,0.450680272,-0.541877256,-0.386856369
1875,0.450680272,-0.541877256,-0.386856369
1876,0.450680272,-0.541877256,-0.386856369
1877,0.450680272,-0.541877256,-0.386856369
1878,0.587301587,-0.43898917,-0.215108401
1879,0.587301587,-0.43898917,-0.215108401
1880,0.587301587,-0.43898917,-0.215108401
1881,0.587301587,-0.43898917,-0.215108401
1882,0.587301587,-0.43898917,-0.215108401
1883,0.587301587,-0.43898917,-0.215108401
1884,0.587301587,-0.43898917,-0.215108401
1885,0.587301587,-0.43898917,-0.215108401
1886,0.587301587,-0.43898917,-0.215108401
1887,0.737528345,-0.306498195,0.037262873
1888,0.737528345,-0.306498195,0.037262873
1889,0.737528345,-0.306498195,0.037262873
1890,0.737528345,-0.306498195,0.037262873
1891,0.737528345,-0.306498195,0.037262873
1892,0.737528345,-0.306498195,0.037262873
1893,0.737528345,-0.306498195,0.037262873
1894,0.737528345,-0.306498195,0.037262873
1895,0.843820862,-0.304693141,0.394308943
1896,0.843820862,-0.304693141,0.394308943
1897,0.843820862,-0.304693141,0.394308943
1898,0.843820862,-0.304693141,0.394308943
1899,0.843820862,-0.304693141,0.394308943
1900,0.843820862,-0.304693141,0.394308943
1901,0.843820862,-0.304693141,0.394308943
1902,0.843820862,-0.304693141,0.394308943
1903,0.843820862,-0.304693141,0.394308943
1904,0.452947846,-0.288808664,0.722560976
1905,0.452947846,-0.288808664,0.722560976
1906,0.452947846,-0.288808664,0.722560976
1907,0.452947846,-0.288808664,0.722560976
1908,0.452947846,-0.288808664,0.722560976
1909,0.452947846,-0.288808664,0.722560976
1910,0.452947846,-0.288808664,0.722560976
1911,0.452947846,-0.288808664,0.722560976
1912,0.452947846,-0.288808664,0.722560976
1913,0.352040816,-0.123465704,0.754742547
1914,0.352040816,-0.123465704,0.754742547
1915,0.352040816,-0.123465704,0.754742547
1916,0.352040816,-0.123465704,0.754742547
1917,0.352040816,-0.123465704,0.754742547
1918,0.352040816,-0.123465704,0.754742547
1919,0.352040816,-0.123465704,0.754742547
1920,0.352040816,-0.123465704,0.754742547
1921,0.116780045,0.011191336,0.830284553
1922,0.116780045,0.011191336,0.830284553
1923,0.116780045,0.011191336,0.830284553
1924,0.116780045,0.011191336,0.830284553
1925,0.116780045,0.011191336,0.830284553
1926,0.116780045,0.011191336,0.830284553
1927,0.116780045,0.011191336,0.830284553
1928,0.116780045,0.011191336,0.830284553
1929,0.116780045,0.011191336,0.830284553
1930,-0.030895692,0.037545126,0.860433604
1931,-0.030895692,0.037545126,0.860433604
1932,-0.030895692,0.037545126,0.860433604
1933,-0.030895692,0.037545126,0.860433604
1934,-0.030895692,0.037545126,0.860433604
1935,-0.030895692,0.037545126,0.860433604
1936,-0.030895692,0.037545126,0.860433604
1937,-0.030895692,0.037545126,0.860433604
1938,-0.030895692,0.037545126,0.860433604
1939,-0.0861678,0.016245487,0.861449864
1940,-0.0861678,0.016245487,0.861449864
1941,-0.0861678,0.016245487,0.861449864
1942,-0.0861678,0.016245487,0.861449864
1943,-0.0861678,0.016245487,0.861449864
1944,-0.0861678,0.016245487,0.861449864
1945,-0.0861678,0.016245487,0.861449864
1946,-0.0861678,0.016245487,0.861449864
1947,0.113095238,-0.070758123,0.826558266
1948,0.113095238,-0.070758123,0.826558266
1949,0.113095238,-0.070758123,0.826558266
1950,0.113095238,-0.070758123,0.826558266
1951,0.113095238,-0.070758123,0.826558266
1952,0.113095238,-0.070758123,0.826558266
1953,0.113095238,-0.070758123,0.826558266
1954,0.113095238,-0.070758123,0.826558266
1955,0.113095238,-0.070758123,0.826558266
1956,0.489229025,0.075812274,0.596205962
1957,0.489229025,0.075812274,0.596205962
1958,0.489229025,0.075812274,0.596205962
1959,0.489229025,0.075812274,0.596205962
1960,0.489229025,0.075812274,0.596205962
1961,0.489229025,0.075812274,0.596205962
1962,0.489229025,0.075812274,0.596205962
1963,0.489229025,0.075812274,0.596205962
1964,0.489229025,0.075812274,0.596205962
1965,0.481292517,0.783393502,0.27201897
1966,0.481292517,0.783393502,0.27201897
1967,0.481292517,0.783393502,0.27201897
1968,0.481292517,0.783393502,0.27201897
1969,0.481292517,0.783393502,0.27201897
1970,0.481292517,0.783393502,0.27201897
1971,0.481292517,0.783393502,0.27201897
1972,0.481292517,0.783393502,0.27201897
1973,0.481292517,0.783393502,0.27201897
1974,-0.687641723,0.546570397,-0.525406504
1975,-0.687641723,0.546570397,-0.525406504
1976,-0.687641723,0.546570397,-0.525406504
1977,-0.687641723,0.546570397,-0.525406504
1978,-0.687641723,0.546570397,-0.525406504
1979,-0.687641723,0.546570397,-0.525406504
1980,-0.687641723,0.546570397,-0.525406504
1981,-0.687641723,0.546570397,-0.525406504
1982,-0.72845805,-0.535018051,-0.698848238
1983,-0.72845805,-0.535018051,-0.698848238
1984,-0.72845805,-0.535018051,-0.698848238
1985,-0.72845805,-0.535018051,-0.698848238
1986,-0.72845805,-0.535018051,-0.698848238
1987,-0.72845805,-0.535018051,-0.698848238
1988,-0.72845805,-0.535018051,-0.698848238
1989,-0.72845805,-0.535018051,-0.698848238
1990,-0.72845805,-0.535018051,-0.698848238
1991,-0.198696145,-0.949819495,-0.407520325
1992,-0.198696145,-0.949819495,-0.407520325
1993,-0.198696145,-0.949819495,-0.407520325
1994,-0.198696145,-0.949819495,-0.407520325
1995,-0.198696145,-0.949819495,-0.407520325
1996,-0.198696145,-0.949819495,-0.407520325
1997,-0.198696145,-0.949819495,-0.407520325
1998,-0.198696145,-0.949819495,-0.407520325
1999,-0.198696145,-0.949819495,-0.23204607
